{
  "model_name": "LSTM_DUH_Base_SCS_GC_teto",
  "model_type": "lstm_duh_base_scs",
  "use_ar": false,
  "use_gc": true,
  "gc_mode": "teto",
  "seed": 42,
  "test_metrics": {
    "nse": 0.5410646200180054,
    "kge": 0.6635836512589007,
    "rmse": 36.56875991821289,
    "pbias": 4.051573753356934,
    "r": 0.7399759580357878
  },
  "test_by_horizon": {
    "1h": {
      "nse": 0.5114884972572327,
      "kge": 0.6657835420607476,
      "rmse": 37.79898452758789,
      "pbias": 7.235221862792969,
      "r": 0.7293013568438566
    },
    "3h": {
      "nse": 0.5193282961845398,
      "kge": 0.6697192939083323,
      "rmse": 37.452754974365234,
      "pbias": 7.540725231170654,
      "r": 0.7348106910376062
    },
    "6h": {
      "nse": 0.5410646200180054,
      "kge": 0.6635836512589007,
      "rmse": 36.56875991821289,
      "pbias": 4.051573753356934,
      "r": 0.7399759580357878
    },
    "12h": {
      "nse": 0.5490037202835083,
      "kge": 0.6686823523820385,
      "rmse": 36.1667366027832,
      "pbias": 4.906888008117676,
      "r": 0.746313892166103
    },
    "24h": {
      "nse": 0.44855642318725586,
      "kge": 0.6715552009666844,
      "rmse": 39.583396911621094,
      "pbias": 12.2382173538208,
      "r": 0.717240941524904
    }
  },
  "best_val_nse": 0.5288258790969849,
  "learned_params": {
    "lambda_scs": 0.1410266011953354,
    "tc_scale": 1.3542414903640747,
    "sigma": 4.6288652420043945
  },
  "epochs_trained": 32
}