{
  "model_name": "LSTM_DUH_Base_SCS_PeOnly",
  "model_type": "lstm_duh_base_scs_peonly",
  "use_ar": false,
  "seed": 43,
  "test_metrics": {
    "nse": 0.532929539680481,
    "kge": 0.6566833155942242,
    "rmse": 36.89144515991211,
    "pbias": 15.755144119262695,
    "r": 0.7704265593887307
  },
  "test_by_horizon": {
    "1h": {
      "nse": 0.5224039554595947,
      "kge": 0.6451756647948741,
      "rmse": 37.37430191040039,
      "pbias": 14.427217483520508,
      "r": 0.7570531442692592
    },
    "3h": {
      "nse": 0.5458575487136841,
      "kge": 0.6602359260249191,
      "rmse": 36.404537200927734,
      "pbias": 14.025991439819336,
      "r": 0.770487062814755
    },
    "6h": {
      "nse": 0.532929539680481,
      "kge": 0.6566833155942242,
      "rmse": 36.89144515991211,
      "pbias": 15.755144119262695,
      "r": 0.7704265593887307
    },
    "12h": {
      "nse": 0.5174610018730164,
      "kge": 0.6522277659712824,
      "rmse": 37.41011428833008,
      "pbias": 15.2720365524292,
      "r": 0.7588209093913746
    },
    "24h": {
      "nse": 0.386272668838501,
      "kge": 0.5967172672321874,
      "rmse": 41.75901794433594,
      "pbias": 13.762948036193848,
      "r": 0.6724437823650545
    }
  },
  "best_val_nse": 0.4213380217552185,
  "learned_params": {
    "lambda_scs": 0.1116703525185585,
    "tc_scale": 1.553643822669983,
    "sigma": 6.175030708312988
  },
  "epochs_trained": 64
}