{
  "model_name": "LSTM_DUH_Base_Topmodel_PeOnly",
  "model_type": "lstm_duh_base_topmodel_peonly",
  "use_ar": false,
  "seed": 46,
  "test_metrics": {
    "nse": 0.5184938311576843,
    "kge": 0.6288204165345841,
    "rmse": 37.45720672607422,
    "pbias": 14.706929206848145,
    "r": 0.7554178337319194
  },
  "test_by_horizon": {
    "1h": {
      "nse": 0.47479182481765747,
      "kge": 0.6066841167707879,
      "rmse": 39.192996978759766,
      "pbias": 14.338324546813965,
      "r": 0.7247316191061169
    },
    "3h": {
      "nse": 0.48001933097839355,
      "kge": 0.6280411166093096,
      "rmse": 38.95409393310547,
      "pbias": 16.965787887573242,
      "r": 0.7427265828819033
    },
    "6h": {
      "nse": 0.5184938311576843,
      "kge": 0.6288204165345841,
      "rmse": 37.45720672607422,
      "pbias": 14.706929206848145,
      "r": 0.7554178337319194
    },
    "12h": {
      "nse": 0.5604636669158936,
      "kge": 0.6644613439321418,
      "rmse": 35.70427703857422,
      "pbias": 14.621851921081543,
      "r": 0.7825296683062193
    },
    "24h": {
      "nse": 0.46646565198898315,
      "kge": 0.6031874203346592,
      "rmse": 38.93531799316406,
      "pbias": 12.73521900177002,
      "r": 0.7132978578938481
    }
  },
  "best_val_nse": 0.5561204552650452,
  "learned_params": {
    "topmodel_m": 23.773090362548828,
    "topmodel_T_0": 0.015182358212769032,
    "topmodel_sigmoid_temp": 4.278524875640869,
    "topmodel_S_bar_init_fixed": 70.0,
    "tc_scale": 1.576172947883606,
    "sigma": 5.695684432983398
  },
  "epochs_trained": 33
}