{
  "model_name": "LSTM_DUH_Base_SCS_GC_gfs",
  "model_type": "lstm_duh_base_scs",
  "use_ar": false,
  "use_gc": true,
  "gc_mode": "gfs",
  "seed": 43,
  "test_metrics": {
    "nse": 0.5173822045326233,
    "kge": 0.6395562336476468,
    "rmse": 37.50041961669922,
    "pbias": 12.168651580810547,
    "r": 0.7443881103466226
  },
  "test_by_horizon": {
    "1h": {
      "nse": 0.5210816860198975,
      "kge": 0.6266462609917709,
      "rmse": 37.42600631713867,
      "pbias": 8.823083877563477,
      "r": 0.7348868035051989
    },
    "3h": {
      "nse": 0.5362162590026855,
      "kge": 0.6506429570488679,
      "rmse": 36.7889404296875,
      "pbias": 9.408105850219727,
      "r": 0.7472877545919412
    },
    "6h": {
      "nse": 0.5173822045326233,
      "kge": 0.6395562336476468,
      "rmse": 37.50041961669922,
      "pbias": 12.168651580810547,
      "r": 0.7443881103466226
    },
    "12h": {
      "nse": 0.520851731300354,
      "kge": 0.6449625264618271,
      "rmse": 37.278446197509766,
      "pbias": 12.370661735534668,
      "r": 0.7477839328648291
    },
    "24h": {
      "nse": 0.42872971296310425,
      "kge": 0.5965390575351186,
      "rmse": 40.2887077331543,
      "pbias": 9.56196403503418,
      "r": 0.6788366511643048
    }
  },
  "best_val_nse": 0.5606485605239868,
  "learned_params": {
    "lambda_scs": 0.12457253038883209,
    "tc_scale": 1.2607038021087646,
    "sigma": 6.488076210021973
  },
  "epochs_trained": 52
}