{
  "model_name": "LSTM_DUH_Base_Topmodel",
  "model_type": "lstm_duh_base_topmodel",
  "use_ar": false,
  "seed": 46,
  "test_metrics": {
    "nse": 0.565131664276123,
    "kge": 0.6128121126641639,
    "rmse": 35.59699249267578,
    "pbias": 1.6617504358291626,
    "r": 0.75403096259605
  },
  "test_by_horizon": {
    "1h": {
      "nse": 0.5183401107788086,
      "kge": 0.5922081015674168,
      "rmse": 37.53297424316406,
      "pbias": 1.2516599893569946,
      "r": 0.720420477048872
    },
    "3h": {
      "nse": 0.5412607192993164,
      "kge": 0.597247554318422,
      "rmse": 36.588321685791016,
      "pbias": 1.4714961051940918,
      "r": 0.73726463259958
    },
    "6h": {
      "nse": 0.565131664276123,
      "kge": 0.6128121126641639,
      "rmse": 35.59699249267578,
      "pbias": 1.6617504358291626,
      "r": 0.75403096259605
    },
    "12h": {
      "nse": 0.5671762228012085,
      "kge": 0.6210341624015223,
      "rmse": 35.43058776855469,
      "pbias": 2.266146183013916,
      "r": 0.7551963363345029
    },
    "24h": {
      "nse": 0.45901525020599365,
      "kge": 0.5471164195361489,
      "rmse": 39.20622634887695,
      "pbias": -0.631629228591919,
      "r": 0.6775943691134502
    }
  },
  "best_val_nse": 0.6107474565505981,
  "learned_params": {
    "topmodel_m": 20.774105072021484,
    "topmodel_T_0": 0.013882930390536785,
    "topmodel_sigmoid_temp": 4.417898178100586,
    "topmodel_S_bar_init_fixed": 70.0,
    "tc_scale": 1.372653841972351,
    "sigma": 4.834421157836914
  },
  "epochs_trained": 34
}