{
  "model_name": "LSTM_Lumped",
  "model_type": "lstm_lumped_wmean",
  "use_ar": false,
  "seed": 42,
  "test_metrics": {
    "nse": 0.4722546935081482,
    "kge": 0.5414306700919223,
    "rmse": 39.21449661254883,
    "pbias": -6.765144348144531,
    "r": 0.6959425205964165
  },
  "test_by_horizon": {
    "1h": {
      "nse": 0.4690505862236023,
      "kge": 0.5276913423798824,
      "rmse": 39.40663146972656,
      "pbias": -7.1741790771484375,
      "r": 0.6955913596115267
    },
    "3h": {
      "nse": 0.4749968647956848,
      "kge": 0.5491366328453082,
      "rmse": 39.14176940917969,
      "pbias": -7.186906337738037,
      "r": 0.6986455498972912
    },
    "6h": {
      "nse": 0.4722546935081482,
      "kge": 0.5414306700919223,
      "rmse": 39.21449661254883,
      "pbias": -6.765144348144531,
      "r": 0.6959425205964165
    },
    "12h": {
      "nse": 0.4630005955696106,
      "kge": 0.5429208357475306,
      "rmse": 39.464786529541016,
      "pbias": -6.498994827270508,
      "r": 0.6881065119116127
    },
    "24h": {
      "nse": 0.3610009551048279,
      "kge": 0.4886250658056648,
      "rmse": 42.610107421875,
      "pbias": -6.672035217285156,
      "r": 0.6129062571685017
    }
  },
  "best_val_nse": 0.49415069818496704,
  "learned_params": {},
  "epochs_trained": 48
}