{
  "model_name": "LSTM_DUH_Base_SCS_AR",
  "model_type": "lstm_duh_base_scs",
  "use_ar": true,
  "seed": 44,
  "test_metrics": {
    "nse": 0.7944992780685425,
    "kge": 0.8003665940035205,
    "rmse": 24.470401763916016,
    "pbias": 0.31289321184158325,
    "r": 0.8935409761240759
  },
  "test_by_horizon": {
    "1h": {
      "nse": 0.7962605357170105,
      "kge": 0.7930555374133557,
      "rmse": 24.41070556640625,
      "pbias": -0.37809985876083374,
      "r": 0.8954117722697499
    },
    "3h": {
      "nse": 0.7987447381019592,
      "kge": 0.8206064330235276,
      "rmse": 24.234445571899414,
      "pbias": 0.133296400308609,
      "r": 0.8946124959161009
    },
    "6h": {
      "nse": 0.7944992780685425,
      "kge": 0.8003665940035205,
      "rmse": 24.470401763916016,
      "pbias": 0.31289321184158325,
      "r": 0.8935409761240759
    },
    "12h": {
      "nse": 0.7555928826332092,
      "kge": 0.7777228944640845,
      "rmse": 26.62439727783203,
      "pbias": -0.27290552854537964,
      "r": 0.8707911201780636
    },
    "24h": {
      "nse": 0.604790985584259,
      "kge": 0.727966383823748,
      "rmse": 33.51011657714844,
      "pbias": 0.27123168110847473,
      "r": 0.7800060769545727
    }
  },
  "best_val_nse": 0.7532745003700256,
  "learned_params": {
    "lambda_scs": 0.15888671576976776,
    "tc_scale": 1.268946886062622,
    "sigma": 5.977015972137451
  },
  "epochs_trained": 40
}