{
  "model_name": "LSTM_DUH_Base_SCS_AR_GC_teto",
  "model_type": "lstm_duh_base_scs",
  "use_ar": true,
  "use_gc": true,
  "gc_mode": "teto",
  "seed": 45,
  "test_metrics": {
    "nse": 0.7612669467926025,
    "kge": 0.7909012408163627,
    "rmse": 26.374893188476562,
    "pbias": -1.2658087015151978,
    "r": 0.8736317997323175
  },
  "test_by_horizon": {
    "1h": {
      "nse": 0.7588689923286438,
      "kge": 0.7858325925740716,
      "rmse": 26.55640411376953,
      "pbias": -1.3263194561004639,
      "r": 0.8724852975185335
    },
    "3h": {
      "nse": 0.7594571113586426,
      "kge": 0.7833380656158134,
      "rmse": 26.494503021240234,
      "pbias": -1.2811580896377563,
      "r": 0.8730211773140204
    },
    "6h": {
      "nse": 0.7612669467926025,
      "kge": 0.7909012408163627,
      "rmse": 26.374893188476562,
      "pbias": -1.2658087015151978,
      "r": 0.8736317997323175
    },
    "12h": {
      "nse": 0.7418153285980225,
      "kge": 0.77227379606185,
      "rmse": 27.364534378051758,
      "pbias": -2.8370907306671143,
      "r": 0.8635202134108821
    },
    "24h": {
      "nse": 0.6719822883605957,
      "kge": 0.7279081237132161,
      "rmse": 30.528900146484375,
      "pbias": -3.6351211071014404,
      "r": 0.822125189940503
    }
  },
  "best_val_nse": 0.7360399961471558,
  "learned_params": {
    "lambda_scs": 0.0953928753733635,
    "tc_scale": 1.3709224462509155,
    "sigma": 4.641047954559326
  },
  "epochs_trained": 55
}