{
  "model_name": "LSTM_DUH_Base_Topmodel_AR",
  "model_type": "lstm_duh_base_topmodel",
  "use_ar": true,
  "seed": 46,
  "test_metrics": {
    "nse": 0.8363652229309082,
    "kge": 0.8120827354719241,
    "rmse": 21.83595848083496,
    "pbias": -1.5297590494155884,
    "r": 0.9190567692303708
  },
  "test_by_horizon": {
    "1h": {
      "nse": 0.8215999603271484,
      "kge": 0.8052755773401242,
      "rmse": 22.842321395874023,
      "pbias": -1.2440894842147827,
      "r": 0.910403220858907
    },
    "3h": {
      "nse": 0.8308446407318115,
      "kge": 0.8089932331971657,
      "rmse": 22.217866897583008,
      "pbias": -1.374755620956421,
      "r": 0.9158797798574841
    },
    "6h": {
      "nse": 0.8363652229309082,
      "kge": 0.8120827354719241,
      "rmse": 21.83595848083496,
      "pbias": -1.5297590494155884,
      "r": 0.9190567692303708
    },
    "12h": {
      "nse": 0.8113596439361572,
      "kge": 0.8059725387989845,
      "rmse": 23.390535354614258,
      "pbias": -1.2489136457443237,
      "r": 0.9038276691600924
    },
    "24h": {
      "nse": 0.6281201839447021,
      "kge": 0.7295159031342107,
      "rmse": 32.50602340698242,
      "pbias": -2.8718245029449463,
      "r": 0.794481682362611
    }
  },
  "best_val_nse": 0.8289336562156677,
  "learned_params": {
    "topmodel_m": 33.13358688354492,
    "topmodel_T_0": 0.042310506105422974,
    "topmodel_sigmoid_temp": 4.410271644592285,
    "topmodel_S_bar_init_fixed": 70.0,
    "tc_scale": 1.250146746635437,
    "sigma": 4.5817742347717285
  },
  "epochs_trained": 80
}