{
  "model_name": "LSTM_DUH_Base_Topmodel_GC_gfs",
  "model_type": "lstm_duh_base_topmodel",
  "use_ar": false,
  "use_gc": true,
  "gc_mode": "gfs",
  "seed": 42,
  "test_metrics": {
    "nse": 0.5821820497512817,
    "kge": 0.5916290541796925,
    "rmse": 34.89216995239258,
    "pbias": 2.4114267826080322,
    "r": 0.7717322899174717
  },
  "test_by_horizon": {
    "1h": {
      "nse": 0.5082261562347412,
      "kge": 0.5331540280696325,
      "rmse": 37.92498779296875,
      "pbias": -0.9492564797401428,
      "r": 0.7188991282296221
    },
    "3h": {
      "nse": 0.5240721702575684,
      "kge": 0.5500129010225794,
      "rmse": 37.267478942871094,
      "pbias": 0.7751986980438232,
      "r": 0.7294754961831458
    },
    "6h": {
      "nse": 0.5821820497512817,
      "kge": 0.5916290541796925,
      "rmse": 34.89216995239258,
      "pbias": 2.4114267826080322,
      "r": 0.7717322899174717
    },
    "12h": {
      "nse": 0.5554330348968506,
      "kge": 0.5209188770184462,
      "rmse": 35.908016204833984,
      "pbias": -3.9080286026000977,
      "r": 0.77182787185429
    },
    "24h": {
      "nse": 0.4795932173728943,
      "kge": 0.5294882755527562,
      "rmse": 38.45333480834961,
      "pbias": 2.02217960357666,
      "r": 0.6953050397660299
    }
  },
  "best_val_nse": 0.6103332042694092,
  "learned_params": {
    "topmodel_m": 29.719078063964844,
    "topmodel_T_0": 0.014204428531229496,
    "topmodel_sigmoid_temp": 6.078154563903809,
    "topmodel_S_bar_init_fixed": 70.0,
    "tc_scale": 1.868369221687317,
    "sigma": 5.583060264587402
  },
  "epochs_trained": 27
}