{
  "model_name": "LSTM_Lumped_AR",
  "model_type": "lstm_lumped_wmean",
  "use_ar": true,
  "seed": 46,
  "test_metrics": {
    "nse": 0.8669761419296265,
    "kge": 0.8348708536824483,
    "rmse": 19.687889099121094,
    "pbias": -1.736046314239502,
    "r": 0.9355167112116071
  },
  "test_by_horizon": {
    "1h": {
      "nse": 0.9116227626800537,
      "kge": 0.8231103811718339,
      "rmse": 16.07729148864746,
      "pbias": -4.317699909210205,
      "r": 0.966578141070833
    },
    "3h": {
      "nse": 0.9018758535385132,
      "kge": 0.8356949657703606,
      "rmse": 16.921831130981445,
      "pbias": -2.0040671825408936,
      "r": 0.9570362675233963
    },
    "6h": {
      "nse": 0.8669761419296265,
      "kge": 0.8348708536824483,
      "rmse": 19.687889099121094,
      "pbias": -1.736046314239502,
      "r": 0.9355167112116071
    },
    "12h": {
      "nse": 0.7695342302322388,
      "kge": 0.7900933458306433,
      "rmse": 25.853897094726562,
      "pbias": -4.041682243347168,
      "r": 0.8808409361999686
    },
    "24h": {
      "nse": 0.5370315313339233,
      "kge": 0.7092994473541594,
      "rmse": 36.269222259521484,
      "pbias": -5.317704677581787,
      "r": 0.7472223570123067
    }
  },
  "best_val_nse": 0.901921808719635,
  "learned_params": {},
  "epochs_trained": 42
}