{
  "model_name": "LSTM_DUH_Base_SCS_GC_teto",
  "model_type": "lstm_duh_base_scs",
  "use_ar": false,
  "use_gc": true,
  "gc_mode": "teto",
  "seed": 45,
  "test_metrics": {
    "nse": 0.590279757976532,
    "kge": 0.6127588644523412,
    "rmse": 34.55239486694336,
    "pbias": 2.3032262325286865,
    "r": 0.7741257843556271
  },
  "test_by_horizon": {
    "1h": {
      "nse": 0.5470662117004395,
      "kge": 0.5802678766199454,
      "rmse": 36.396541595458984,
      "pbias": 3.5691542625427246,
      "r": 0.745775965055762
    },
    "3h": {
      "nse": 0.5630284547805786,
      "kge": 0.5958464663417431,
      "rmse": 35.70969009399414,
      "pbias": 2.6331357955932617,
      "r": 0.7552798160047983
    },
    "6h": {
      "nse": 0.590279757976532,
      "kge": 0.6127588644523412,
      "rmse": 34.55239486694336,
      "pbias": 2.3032262325286865,
      "r": 0.7741257843556271
    },
    "12h": {
      "nse": 0.5755337476730347,
      "kge": 0.6024414713620644,
      "rmse": 35.08685302734375,
      "pbias": 4.181203842163086,
      "r": 0.7661486925728174
    },
    "24h": {
      "nse": 0.5190376043319702,
      "kge": 0.580025094266732,
      "rmse": 36.96733093261719,
      "pbias": 4.5819292068481445,
      "r": 0.7251324983520051
    }
  },
  "best_val_nse": 0.5156695246696472,
  "learned_params": {
    "lambda_scs": 0.12464985996484756,
    "tc_scale": 1.4468402862548828,
    "sigma": 5.385254383087158
  },
  "epochs_trained": 39
}