{
  "model_name": "LSTM_DUH_Base_Topmodel",
  "model_type": "lstm_duh_base_topmodel",
  "use_ar": false,
  "seed": 45,
  "test_metrics": {
    "nse": 0.5238869190216064,
    "kge": 0.6173207058118151,
    "rmse": 37.24684524536133,
    "pbias": 9.199373245239258,
    "r": 0.7377508741722596
  },
  "test_by_horizon": {
    "1h": {
      "nse": 0.4846792221069336,
      "kge": 0.5951012483557021,
      "rmse": 38.82232666015625,
      "pbias": 10.330202102661133,
      "r": 0.7145494714475148
    },
    "3h": {
      "nse": 0.5035679340362549,
      "kge": 0.5957057748577266,
      "rmse": 38.061805725097656,
      "pbias": 7.77785587310791,
      "r": 0.7198034678684658
    },
    "6h": {
      "nse": 0.5238869190216064,
      "kge": 0.6173207058118151,
      "rmse": 37.24684524536133,
      "pbias": 9.199373245239258,
      "r": 0.7377508741722596
    },
    "12h": {
      "nse": 0.5320667028427124,
      "kge": 0.6265389792678497,
      "rmse": 36.83959197998047,
      "pbias": 8.487858772277832,
      "r": 0.7413096466695733
    },
    "24h": {
      "nse": 0.44469594955444336,
      "kge": 0.576690877225829,
      "rmse": 39.721710205078125,
      "pbias": 7.698096752166748,
      "r": 0.679973661646179
    }
  },
  "best_val_nse": 0.47780317068099976,
  "learned_params": {
    "topmodel_m": 23.46296501159668,
    "topmodel_T_0": 0.019370900467038155,
    "topmodel_sigmoid_temp": 5.605019569396973,
    "topmodel_S_bar_init_fixed": 70.0,
    "tc_scale": 1.4231202602386475,
    "sigma": 4.881758689880371
  },
  "epochs_trained": 38
}