{
  "model_name": "LSTM_DUH_Base_Topmodel_GC_teto",
  "model_type": "lstm_duh_base_topmodel",
  "use_ar": false,
  "use_gc": true,
  "gc_mode": "teto",
  "seed": 46,
  "test_metrics": {
    "nse": 0.5647310018539429,
    "kge": 0.623341945587182,
    "rmse": 35.61338806152344,
    "pbias": 2.9669153690338135,
    "r": 0.7538213159304967
  },
  "test_by_horizon": {
    "1h": {
      "nse": 0.5307327508926392,
      "kge": 0.6111924128766876,
      "rmse": 37.0469856262207,
      "pbias": 2.9105284214019775,
      "r": 0.7299528166056215
    },
    "3h": {
      "nse": 0.5520672798156738,
      "kge": 0.608976456469327,
      "rmse": 36.15479278564453,
      "pbias": 2.7255051136016846,
      "r": 0.7453309208831257
    },
    "6h": {
      "nse": 0.5647310018539429,
      "kge": 0.623341945587182,
      "rmse": 35.61338806152344,
      "pbias": 2.9669153690338135,
      "r": 0.7538213159304967
    },
    "12h": {
      "nse": 0.5767430663108826,
      "kge": 0.6352085116031776,
      "rmse": 35.036834716796875,
      "pbias": 3.837489128112793,
      "r": 0.7626834691979698
    },
    "24h": {
      "nse": 0.5258305072784424,
      "kge": 0.5978415470891416,
      "rmse": 36.705345153808594,
      "pbias": 2.6691741943359375,
      "r": 0.7266518161843126
    }
  },
  "best_val_nse": 0.6272960901260376,
  "learned_params": {
    "topmodel_m": 22.33875274658203,
    "topmodel_T_0": 0.03873993083834648,
    "topmodel_sigmoid_temp": 5.6636176109313965,
    "topmodel_S_bar_init_fixed": 70.0,
    "tc_scale": 1.9158968925476074,
    "sigma": 6.0556488037109375
  },
  "epochs_trained": 57
}