{
  "model_name": "LSTM_DUH_Base_Topmodel_AR_GC_gfs",
  "model_type": "lstm_duh_base_topmodel",
  "use_ar": true,
  "use_gc": true,
  "gc_mode": "gfs",
  "seed": 43,
  "test_metrics": {
    "nse": 0.8336100578308105,
    "kge": 0.8375286964672045,
    "rmse": 22.019020080566406,
    "pbias": -1.4115322828292847,
    "r": 0.9147871371525851
  },
  "test_by_horizon": {
    "1h": {
      "nse": 0.817085862159729,
      "kge": 0.8280871864208701,
      "rmse": 23.129507064819336,
      "pbias": -1.6646971702575684,
      "r": 0.9055835395405347
    },
    "3h": {
      "nse": 0.8252715468406677,
      "kge": 0.8356329827327196,
      "rmse": 22.580904006958008,
      "pbias": -0.9228664040565491,
      "r": 0.9097636839191866
    },
    "6h": {
      "nse": 0.8336100578308105,
      "kge": 0.8375286964672045,
      "rmse": 22.019020080566406,
      "pbias": -1.4115322828292847,
      "r": 0.9147871371525851
    },
    "12h": {
      "nse": 0.8206040859222412,
      "kge": 0.8229589159069227,
      "rmse": 22.810199737548828,
      "pbias": -1.564242959022522,
      "r": 0.9080918694232266
    },
    "24h": {
      "nse": 0.6668601036071777,
      "kge": 0.7494685130067499,
      "rmse": 30.766340255737305,
      "pbias": 0.45378148555755615,
      "r": 0.8167419486477193
    }
  },
  "best_val_nse": 0.7614971995353699,
  "learned_params": {
    "topmodel_m": 36.1563606262207,
    "topmodel_T_0": 0.04798659309744835,
    "topmodel_sigmoid_temp": 2.939460515975952,
    "topmodel_S_bar_init_fixed": 70.0,
    "tc_scale": 1.5194015502929688,
    "sigma": 6.838919639587402
  },
  "epochs_trained": 79
}