{
  "model_name": "LSTM",
  "model_type": "lstm",
  "use_ar": false,
  "seed": 45,
  "test_metrics": {
    "nse": 0.442314088344574,
    "kge": 0.565029093462557,
    "rmse": 40.31153106689453,
    "pbias": 7.938753604888916,
    "r": 0.6776461978509087
  },
  "test_by_horizon": {
    "1h": {
      "nse": 0.43276017904281616,
      "kge": 0.5473610129571492,
      "rmse": 40.73109817504883,
      "pbias": 8.814132690429688,
      "r": 0.6724362804960552
    },
    "3h": {
      "nse": 0.4535151720046997,
      "kge": 0.5586265740738607,
      "rmse": 39.93452835083008,
      "pbias": 3.4700732231140137,
      "r": 0.6760863897687543
    },
    "6h": {
      "nse": 0.442314088344574,
      "kge": 0.565029093462557,
      "rmse": 40.31153106689453,
      "pbias": 7.938753604888916,
      "r": 0.6776461978509087
    },
    "12h": {
      "nse": 0.4493774175643921,
      "kge": 0.5413158931198698,
      "rmse": 39.962242126464844,
      "pbias": 4.369654178619385,
      "r": 0.6738323361101006
    },
    "24h": {
      "nse": 0.392925500869751,
      "kge": 0.5327278965078444,
      "rmse": 41.53206253051758,
      "pbias": 6.852630138397217,
      "r": 0.6399626791607291
    }
  },
  "best_val_nse": 0.5586831569671631,
  "learned_params": {},
  "epochs_trained": 28
}