{
  "model_name": "LSTM_DUH_Base_SCS_PeOnly",
  "model_type": "lstm_duh_base_scs_peonly",
  "use_ar": false,
  "seed": 44,
  "test_metrics": {
    "nse": 0.5689329504966736,
    "kge": 0.6484033782849357,
    "rmse": 35.441070556640625,
    "pbias": 3.064112663269043,
    "r": 0.7558059211456167
  },
  "test_by_horizon": {
    "1h": {
      "nse": 0.5182821154594421,
      "kge": 0.5744305803609651,
      "rmse": 37.53523254394531,
      "pbias": -0.8241576552391052,
      "r": 0.7213030592033949
    },
    "3h": {
      "nse": 0.5383603572845459,
      "kge": 0.6047411627824353,
      "rmse": 36.703800201416016,
      "pbias": -0.6612081527709961,
      "r": 0.7342928813648698
    },
    "6h": {
      "nse": 0.5689329504966736,
      "kge": 0.6484033782849357,
      "rmse": 35.441070556640625,
      "pbias": 3.064112663269043,
      "r": 0.7558059211456167
    },
    "12h": {
      "nse": 0.5397412776947021,
      "kge": 0.6040024901068923,
      "rmse": 36.53623962402344,
      "pbias": -2.5139095783233643,
      "r": 0.7363554816912053
    },
    "24h": {
      "nse": 0.4418773651123047,
      "kge": 0.5554634477411635,
      "rmse": 39.822391510009766,
      "pbias": -0.20666375756263733,
      "r": 0.6659898306574882
    }
  },
  "best_val_nse": 0.47417229413986206,
  "learned_params": {
    "lambda_scs": 0.11712886393070221,
    "tc_scale": 1.4553040266036987,
    "sigma": 6.1119465827941895
  },
  "epochs_trained": 36
}