{
  "model_name": "LSTM_DUH_Base_Topmodel_GC_teto",
  "model_type": "lstm_duh_base_topmodel",
  "use_ar": false,
  "use_gc": true,
  "gc_mode": "teto",
  "seed": 43,
  "test_metrics": {
    "nse": 0.6644580364227295,
    "kge": 0.7062032344060857,
    "rmse": 31.268558502197266,
    "pbias": 0.3833813965320587,
    "r": 0.8164516746252012
  },
  "test_by_horizon": {
    "1h": {
      "nse": 0.6181881427764893,
      "kge": 0.6827877003249272,
      "rmse": 33.41699981689453,
      "pbias": 0.14046622812747955,
      "r": 0.7865375552122604
    },
    "3h": {
      "nse": 0.6397388577461243,
      "kge": 0.6980227833778347,
      "rmse": 32.42412185668945,
      "pbias": -0.15188415348529816,
      "r": 0.8002888063700819
    },
    "6h": {
      "nse": 0.6644580364227295,
      "kge": 0.7062032344060857,
      "rmse": 31.268558502197266,
      "pbias": 0.3833813965320587,
      "r": 0.8164516746252012
    },
    "12h": {
      "nse": 0.674732506275177,
      "kge": 0.7197890736565207,
      "rmse": 30.714479446411133,
      "pbias": 2.4859142303466797,
      "r": 0.8232707432190349
    },
    "24h": {
      "nse": 0.5789484977722168,
      "kge": 0.6625542134211039,
      "rmse": 34.58837127685547,
      "pbias": -0.8496077656745911,
      "r": 0.7610054110693706
    }
  },
  "best_val_nse": 0.5914303064346313,
  "learned_params": {
    "topmodel_m": 20.960752487182617,
    "topmodel_T_0": 0.02330058254301548,
    "topmodel_sigmoid_temp": 6.5160136222839355,
    "topmodel_S_bar_init_fixed": 70.0,
    "tc_scale": 2.050143003463745,
    "sigma": 6.089345932006836
  },
  "epochs_trained": 53
}