{
  "model_name": "LSTM_DUH_Base_Topmodel_PeOnly_AR",
  "model_type": "lstm_duh_base_topmodel_peonly",
  "use_ar": true,
  "seed": 46,
  "test_metrics": {
    "nse": 0.8298660516738892,
    "kge": 0.8200871506100504,
    "rmse": 22.265369415283203,
    "pbias": -0.6098800301551819,
    "r": 0.9138322947563581
  },
  "test_by_horizon": {
    "1h": {
      "nse": 0.8047317862510681,
      "kge": 0.7968126846593698,
      "rmse": 23.8978328704834,
      "pbias": -1.9547089338302612,
      "r": 0.9008919611048319
    },
    "3h": {
      "nse": 0.8180985450744629,
      "kge": 0.804522923777946,
      "rmse": 23.03974151611328,
      "pbias": -1.5727307796478271,
      "r": 0.9083758206494134
    },
    "6h": {
      "nse": 0.8298660516738892,
      "kge": 0.8200871506100504,
      "rmse": 22.265369415283203,
      "pbias": -0.6098800301551819,
      "r": 0.9138322947563581
    },
    "12h": {
      "nse": 0.8147177696228027,
      "kge": 0.82122745695603,
      "rmse": 23.1814022064209,
      "pbias": -0.6695912480354309,
      "r": 0.9043673942441866
    },
    "24h": {
      "nse": 0.6641141176223755,
      "kge": 0.751025376635128,
      "rmse": 30.89287757873535,
      "pbias": -0.8977165222167969,
      "r": 0.8152556663389
    }
  },
  "best_val_nse": 0.7954509258270264,
  "learned_params": {
    "topmodel_m": 34.74481964111328,
    "topmodel_T_0": 0.015844890847802162,
    "topmodel_sigmoid_temp": 1.8511828184127808,
    "topmodel_S_bar_init_fixed": 70.0,
    "tc_scale": 1.4951406717300415,
    "sigma": 6.539027690887451
  },
  "epochs_trained": 88
}