{
  "model_name": "LSTM_AR",
  "model_type": "lstm",
  "use_ar": true,
  "seed": 46,
  "test_metrics": {
    "nse": 0.8012741804122925,
    "kge": 0.8388107604721864,
    "rmse": 24.06365203857422,
    "pbias": 1.1058697700500488,
    "r": 0.8954784708342486
  },
  "test_by_horizon": {
    "1h": {
      "nse": 0.7795124053955078,
      "kge": 0.8502097300608148,
      "rmse": 25.394214630126953,
      "pbias": 2.5811166763305664,
      "r": 0.8841436468259157
    },
    "3h": {
      "nse": 0.7910948991775513,
      "kge": 0.8473189315293259,
      "rmse": 24.690736770629883,
      "pbias": 2.8726208209991455,
      "r": 0.8905766983278263
    },
    "6h": {
      "nse": 0.8012741804122925,
      "kge": 0.8388107604721864,
      "rmse": 24.06365203857422,
      "pbias": 1.1058697700500488,
      "r": 0.8954784708342486
    },
    "12h": {
      "nse": 0.7896798849105835,
      "kge": 0.8443856285634246,
      "rmse": 24.698083877563477,
      "pbias": 0.9256477355957031,
      "r": 0.8887606589191179
    },
    "24h": {
      "nse": 0.6173537969589233,
      "kge": 0.7356496305888476,
      "rmse": 32.97321319580078,
      "pbias": -1.4699832201004028,
      "r": 0.7879716686944012
    }
  },
  "best_val_nse": 0.7554803490638733,
  "learned_params": {},
  "epochs_trained": 51
}