{
  "model_name": "LSTM_DUH_Base_SCS_GC_gfs",
  "model_type": "lstm_duh_base_scs",
  "use_ar": false,
  "use_gc": true,
  "gc_mode": "gfs",
  "seed": 44,
  "test_metrics": {
    "nse": 0.5710257291793823,
    "kge": 0.6362780560501067,
    "rmse": 35.35493850708008,
    "pbias": 1.7304880619049072,
    "r": 0.7565975323194417
  },
  "test_by_horizon": {
    "1h": {
      "nse": 0.5410562753677368,
      "kge": 0.6154912443220666,
      "rmse": 36.6372184753418,
      "pbias": 2.3542323112487793,
      "r": 0.7366378385083108
    },
    "3h": {
      "nse": 0.5345317125320435,
      "kge": 0.6230297213537499,
      "rmse": 36.855690002441406,
      "pbias": 0.9588596820831299,
      "r": 0.7312818624848663
    },
    "6h": {
      "nse": 0.5710257291793823,
      "kge": 0.6362780560501067,
      "rmse": 35.35493850708008,
      "pbias": 1.7304880619049072,
      "r": 0.7565975323194417
    },
    "12h": {
      "nse": 0.5521982908248901,
      "kge": 0.6287987305028568,
      "rmse": 36.03841781616211,
      "pbias": 2.762695550918579,
      "r": 0.7444451055410917
    },
    "24h": {
      "nse": 0.4513680338859558,
      "kge": 0.5787551303359312,
      "rmse": 39.482357025146484,
      "pbias": 3.1425819396972656,
      "r": 0.6760379214065276
    }
  },
  "best_val_nse": 0.5685311555862427,
  "learned_params": {
    "lambda_scs": 0.14394237101078033,
    "tc_scale": 1.4397647380828857,
    "sigma": 6.47072696685791
  },
  "epochs_trained": 47
}