{
  "model_name": "LSTM_DUH_Base_Topmodel_AR_GC_teto",
  "model_type": "lstm_duh_base_topmodel",
  "use_ar": true,
  "use_gc": true,
  "gc_mode": "teto",
  "seed": 42,
  "test_metrics": {
    "nse": 0.789104700088501,
    "kge": 0.8187877400656869,
    "rmse": 24.789505004882812,
    "pbias": 0.42932721972465515,
    "r": 0.8889177855960576
  },
  "test_by_horizon": {
    "1h": {
      "nse": 0.7711731195449829,
      "kge": 0.8119373341921257,
      "rmse": 25.8699893951416,
      "pbias": 1.5482879877090454,
      "r": 0.8787596289285143
    },
    "3h": {
      "nse": 0.7836132049560547,
      "kge": 0.8216957936975388,
      "rmse": 25.128982543945312,
      "pbias": 0.8556421399116516,
      "r": 0.8855942083882573
    },
    "6h": {
      "nse": 0.789104700088501,
      "kge": 0.8187877400656869,
      "rmse": 24.789505004882812,
      "pbias": 0.42932721972465515,
      "r": 0.8889177855960576
    },
    "12h": {
      "nse": 0.7872573137283325,
      "kge": 0.8295992245713034,
      "rmse": 24.83991813659668,
      "pbias": 1.7661904096603394,
      "r": 0.8878258505009669
    },
    "24h": {
      "nse": 0.6795539855957031,
      "kge": 0.7305449019468298,
      "rmse": 30.17449188232422,
      "pbias": -3.2752273082733154,
      "r": 0.8265179823124414
    }
  },
  "best_val_nse": 0.7937454581260681,
  "learned_params": {
    "topmodel_m": 37.280452728271484,
    "topmodel_T_0": 0.033210236579179764,
    "topmodel_sigmoid_temp": 3.7730026245117188,
    "topmodel_S_bar_init_fixed": 70.0,
    "tc_scale": 1.9395829439163208,
    "sigma": 5.194137096405029
  },
  "epochs_trained": 48
}