{
  "model_name": "LSTM_DUH_Base_Topmodel_AR",
  "model_type": "lstm_duh_base_topmodel",
  "use_ar": true,
  "seed": 45,
  "test_metrics": {
    "nse": 0.7679307460784912,
    "kge": 0.7403299767119211,
    "rmse": 26.00418472290039,
    "pbias": -0.4004746973514557,
    "r": 0.884025129450604
  },
  "test_by_horizon": {
    "1h": {
      "nse": 0.7365747094154358,
      "kge": 0.7161497236799124,
      "rmse": 27.756933212280273,
      "pbias": -1.4020730257034302,
      "r": 0.8663694913671676
    },
    "3h": {
      "nse": 0.7533046007156372,
      "kge": 0.7273555155812959,
      "rmse": 26.831195831298828,
      "pbias": 0.1777665615081787,
      "r": 0.8760370364178844
    },
    "6h": {
      "nse": 0.7679307460784912,
      "kge": 0.7403299767119211,
      "rmse": 26.00418472290039,
      "pbias": -0.4004746973514557,
      "r": 0.884025129450604
    },
    "12h": {
      "nse": 0.7604450583457947,
      "kge": 0.7324671757290857,
      "rmse": 26.358787536621094,
      "pbias": -0.267086923122406,
      "r": 0.8801755044445063
    },
    "24h": {
      "nse": 0.6227301359176636,
      "kge": 0.679357091987554,
      "rmse": 32.740745544433594,
      "pbias": -0.6109659075737,
      "r": 0.7898368614034464
    }
  },
  "best_val_nse": 0.7350631952285767,
  "learned_params": {
    "topmodel_m": 36.454383850097656,
    "topmodel_T_0": 0.07343830168247223,
    "topmodel_sigmoid_temp": 2.4394614696502686,
    "topmodel_S_bar_init_fixed": 70.0,
    "tc_scale": 1.6067625284194946,
    "sigma": 6.290957450866699
  },
  "epochs_trained": 59
}