{
  "model_name": "LSTM_DUH_Base_SCS_AR",
  "model_type": "lstm_duh_base_scs",
  "use_ar": true,
  "seed": 45,
  "test_metrics": {
    "nse": 0.7489417195320129,
    "kge": 0.7701193866234503,
    "rmse": 27.047163009643555,
    "pbias": -0.005590345244854689,
    "r": 0.8671440628606347
  },
  "test_by_horizon": {
    "1h": {
      "nse": 0.7357076406478882,
      "kge": 0.775331709445193,
      "rmse": 27.802574157714844,
      "pbias": 0.682202935218811,
      "r": 0.8584235842082878
    },
    "3h": {
      "nse": 0.7430568933486938,
      "kge": 0.7743244943904097,
      "rmse": 27.382808685302734,
      "pbias": 1.380803108215332,
      "r": 0.8633129079143167
    },
    "6h": {
      "nse": 0.7489417195320129,
      "kge": 0.7701193866234503,
      "rmse": 27.047163009643555,
      "pbias": -0.005590345244854689,
      "r": 0.8671440628606347
    },
    "12h": {
      "nse": 0.7382696270942688,
      "kge": 0.7718181742896302,
      "rmse": 27.551795959472656,
      "pbias": 3.076094150543213,
      "r": 0.8614988832794587
    },
    "24h": {
      "nse": 0.6330598592758179,
      "kge": 0.7069037359498389,
      "rmse": 32.28941345214844,
      "pbias": -2.2704365253448486,
      "r": 0.7964813303295204
    }
  },
  "best_val_nse": 0.7307341694831848,
  "learned_params": {
    "lambda_scs": 0.1385446935892105,
    "tc_scale": 1.4343111515045166,
    "sigma": 5.592963218688965
  },
  "epochs_trained": 38
}