{
  "model_name": "LSTM_DUH_Base_Topmodel_GC_gfs",
  "model_type": "lstm_duh_base_topmodel",
  "use_ar": false,
  "use_gc": true,
  "gc_mode": "gfs",
  "seed": 45,
  "test_metrics": {
    "nse": 0.6385599374771118,
    "kge": 0.6539362724757294,
    "rmse": 32.45283126831055,
    "pbias": 4.837054252624512,
    "r": 0.8078200677022521
  },
  "test_by_horizon": {
    "1h": {
      "nse": 0.5956552028656006,
      "kge": 0.6634851878273178,
      "rmse": 34.38893127441406,
      "pbias": 9.05982494354248,
      "r": 0.7849138227901418
    },
    "3h": {
      "nse": 0.6124094724655151,
      "kge": 0.6750506640235824,
      "rmse": 33.63148498535156,
      "pbias": 8.210451126098633,
      "r": 0.7934420190603014
    },
    "6h": {
      "nse": 0.6385599374771118,
      "kge": 0.6539362724757294,
      "rmse": 32.45283126831055,
      "pbias": 4.837054252624512,
      "r": 0.8078200677022521
    },
    "12h": {
      "nse": 0.6514239311218262,
      "kge": 0.6886167343080295,
      "rmse": 31.795934677124023,
      "pbias": 9.59906005859375,
      "r": 0.8230652921078918
    },
    "24h": {
      "nse": 0.5701907277107239,
      "kge": 0.6245715743745485,
      "rmse": 34.94623565673828,
      "pbias": 5.189312934875488,
      "r": 0.7609125174962621
    }
  },
  "best_val_nse": 0.6038416624069214,
  "learned_params": {
    "topmodel_m": 20.493919372558594,
    "topmodel_T_0": 0.012767476961016655,
    "topmodel_sigmoid_temp": 6.1285223960876465,
    "topmodel_S_bar_init_fixed": 70.0,
    "tc_scale": 1.9327359199523926,
    "sigma": 6.743725299835205
  },
  "epochs_trained": 32
}