{
  "model_name": "LSTM",
  "model_type": "lstm",
  "use_ar": false,
  "seed": 42,
  "test_metrics": {
    "nse": 0.5800094604492188,
    "kge": 0.6367264140942981,
    "rmse": 34.98276901245117,
    "pbias": 4.820985794067383,
    "r": 0.7663073852561247
  },
  "test_by_horizon": {
    "1h": {
      "nse": 0.5596440434455872,
      "kge": 0.625473687201082,
      "rmse": 35.88762283325195,
      "pbias": 2.739466667175293,
      "r": 0.7497862098420804
    },
    "3h": {
      "nse": 0.5733649730682373,
      "kge": 0.630240511087885,
      "rmse": 35.28480911254883,
      "pbias": 2.1909332275390625,
      "r": 0.7589463238156733
    },
    "6h": {
      "nse": 0.5800094604492188,
      "kge": 0.6367264140942981,
      "rmse": 34.98276901245117,
      "pbias": 4.820985794067383,
      "r": 0.7663073852561247
    },
    "12h": {
      "nse": 0.5882564187049866,
      "kge": 0.6500306189873251,
      "rmse": 34.5570182800293,
      "pbias": 3.4313182830810547,
      "r": 0.7694412393061353
    },
    "24h": {
      "nse": 0.4660577178001404,
      "kge": 0.5907381380356156,
      "rmse": 38.950199127197266,
      "pbias": 3.127626419067383,
      "r": 0.6864666771031431
    }
  },
  "best_val_nse": 0.5235987305641174,
  "learned_params": {},
  "epochs_trained": 41
}