{
  "model_name": "LSTM_DUH_Base_Topmodel_GC_gfs",
  "model_type": "lstm_duh_base_topmodel",
  "use_ar": false,
  "use_gc": true,
  "gc_mode": "gfs",
  "seed": 44,
  "test_metrics": {
    "nse": 0.5321903824806213,
    "kge": 0.6207787429605132,
    "rmse": 36.920623779296875,
    "pbias": 3.992408275604248,
    "r": 0.7321449668568843
  },
  "test_by_horizon": {
    "1h": {
      "nse": 0.5114554762840271,
      "kge": 0.6013701391048082,
      "rmse": 37.800262451171875,
      "pbias": 3.1850991249084473,
      "r": 0.7168733450919409
    },
    "3h": {
      "nse": 0.515902042388916,
      "kge": 0.6065148230296443,
      "rmse": 37.586002349853516,
      "pbias": 1.5900799036026,
      "r": 0.7187165363303921
    },
    "6h": {
      "nse": 0.5321903824806213,
      "kge": 0.6207787429605132,
      "rmse": 36.920623779296875,
      "pbias": 3.992408275604248,
      "r": 0.7321449668568843
    },
    "12h": {
      "nse": 0.5405641794204712,
      "kge": 0.613772226976713,
      "rmse": 36.503562927246094,
      "pbias": 2.648336410522461,
      "r": 0.7366019923170994
    },
    "24h": {
      "nse": 0.4691320061683655,
      "kge": 0.5587292343446542,
      "rmse": 38.83790588378906,
      "pbias": 2.0285165309906006,
      "r": 0.6857002037693081
    }
  },
  "best_val_nse": 0.5524322986602783,
  "learned_params": {
    "topmodel_m": 29.768028259277344,
    "topmodel_T_0": 0.026360895484685898,
    "topmodel_sigmoid_temp": 9.018522262573242,
    "topmodel_S_bar_init_fixed": 70.0,
    "tc_scale": 1.930214285850525,
    "sigma": 6.125866413116455
  },
  "epochs_trained": 62
}