{
  "model_name": "LSTM_DUH_Base_SCS_AR_GC_teto",
  "model_type": "lstm_duh_base_scs",
  "use_ar": true,
  "use_gc": true,
  "gc_mode": "teto",
  "seed": 44,
  "test_metrics": {
    "nse": 0.686782717704773,
    "kge": 0.6873809857219144,
    "rmse": 30.21045684814453,
    "pbias": -0.7303361892700195,
    "r": 0.8348305132354898
  },
  "test_by_horizon": {
    "1h": {
      "nse": 0.6701825857162476,
      "kge": 0.6722744079896061,
      "rmse": 31.05843162536621,
      "pbias": -0.08045036345720291,
      "r": 0.8249858316043976
    },
    "3h": {
      "nse": 0.6830918788909912,
      "kge": 0.6887969207755085,
      "rmse": 30.410682678222656,
      "pbias": -1.448393702507019,
      "r": 0.8320927806604191
    },
    "6h": {
      "nse": 0.686782717704773,
      "kge": 0.6873809857219144,
      "rmse": 30.21045684814453,
      "pbias": -0.7303361892700195,
      "r": 0.8348305132354898
    },
    "12h": {
      "nse": 0.6852751970291138,
      "kge": 0.691938671942653,
      "rmse": 30.212615966796875,
      "pbias": 0.8638293147087097,
      "r": 0.8329855951412216
    },
    "24h": {
      "nse": 0.6397218704223633,
      "kge": 0.6738002990180879,
      "rmse": 31.994953155517578,
      "pbias": -0.46077656745910645,
      "r": 0.8022272584610178
    }
  },
  "best_val_nse": 0.6766201257705688,
  "learned_params": {
    "lambda_scs": 0.11881252378225327,
    "tc_scale": 1.4201496839523315,
    "sigma": 5.081984043121338
  },
  "epochs_trained": 45
}