{
  "model_name": "LSTM",
  "model_type": "lstm",
  "use_ar": false,
  "seed": 43,
  "test_metrics": {
    "nse": 0.5694435834884644,
    "kge": 0.6620046662727487,
    "rmse": 35.420074462890625,
    "pbias": 6.4297685623168945,
    "r": 0.7612314663991334
  },
  "test_by_horizon": {
    "1h": {
      "nse": 0.5434827208518982,
      "kge": 0.6406011785368365,
      "rmse": 36.54023742675781,
      "pbias": 5.648726463317871,
      "r": 0.7425029263550876
    },
    "3h": {
      "nse": 0.5553696751594543,
      "kge": 0.6435142449475427,
      "rmse": 36.021270751953125,
      "pbias": 5.2293901443481445,
      "r": 0.7496335813432463
    },
    "6h": {
      "nse": 0.5694435834884644,
      "kge": 0.6620046662727487,
      "rmse": 35.420074462890625,
      "pbias": 6.4297685623168945,
      "r": 0.7612314663991334
    },
    "12h": {
      "nse": 0.5761057138442993,
      "kge": 0.678867566640283,
      "rmse": 35.06320571899414,
      "pbias": 7.55050802230835,
      "r": 0.7683915901452322
    },
    "24h": {
      "nse": 0.49619823694229126,
      "kge": 0.6004840415077302,
      "rmse": 37.83488082885742,
      "pbias": 4.418829441070557,
      "r": 0.7082158822455737
    }
  },
  "best_val_nse": 0.5251708030700684,
  "learned_params": {},
  "epochs_trained": 31
}