{
  "model_name": "LSTM_DUH_Base_Topmodel",
  "model_type": "lstm_duh_base_topmodel",
  "use_ar": false,
  "seed": 42,
  "test_metrics": {
    "nse": 0.6051673889160156,
    "kge": 0.6418289303095999,
    "rmse": 33.9188346862793,
    "pbias": 10.361398696899414,
    "r": 0.7978938147203861
  },
  "test_by_horizon": {
    "1h": {
      "nse": 0.5730704069137573,
      "kge": 0.6354339323901468,
      "rmse": 35.33628463745117,
      "pbias": 11.96884822845459,
      "r": 0.7807513479566731
    },
    "3h": {
      "nse": 0.5872742533683777,
      "kge": 0.6352939174264665,
      "rmse": 34.704856872558594,
      "pbias": 10.319684982299805,
      "r": 0.785275688613237
    },
    "6h": {
      "nse": 0.6051673889160156,
      "kge": 0.6418289303095999,
      "rmse": 33.9188346862793,
      "pbias": 10.361398696899414,
      "r": 0.7978938147203861
    },
    "12h": {
      "nse": 0.6023207306861877,
      "kge": 0.6480135278527177,
      "rmse": 33.961692810058594,
      "pbias": 10.371749877929688,
      "r": 0.7951277966040686
    },
    "24h": {
      "nse": 0.49351584911346436,
      "kge": 0.5920072452328912,
      "rmse": 37.93546676635742,
      "pbias": 8.731739044189453,
      "r": 0.7159167475202366
    }
  },
  "best_val_nse": 0.5855165719985962,
  "learned_params": {
    "topmodel_m": 21.448301315307617,
    "topmodel_T_0": 0.023337388411164284,
    "topmodel_sigmoid_temp": 3.9573378562927246,
    "topmodel_S_bar_init_fixed": 70.0,
    "tc_scale": 1.3717041015625,
    "sigma": 5.412599563598633
  },
  "epochs_trained": 55
}