{
  "model_name": "LSTM_DUH_Base_Topmodel_AR",
  "model_type": "lstm_duh_base_topmodel",
  "use_ar": true,
  "seed": 42,
  "test_metrics": {
    "nse": 0.7922682166099548,
    "kge": 0.7827948775713561,
    "rmse": 24.60287857055664,
    "pbias": -2.3272461891174316,
    "r": 0.8947093509677578
  },
  "test_by_horizon": {
    "1h": {
      "nse": 0.7812842130661011,
      "kge": 0.7627057446464967,
      "rmse": 25.291980743408203,
      "pbias": -2.3762450218200684,
      "r": 0.8902178303486925
    },
    "3h": {
      "nse": 0.7885551452636719,
      "kge": 0.7735793952923214,
      "rmse": 24.84037208557129,
      "pbias": -1.731873631477356,
      "r": 0.8931681365424181
    },
    "6h": {
      "nse": 0.7922682166099548,
      "kge": 0.7827948775713561,
      "rmse": 24.60287857055664,
      "pbias": -2.3272461891174316,
      "r": 0.8947093509677578
    },
    "12h": {
      "nse": 0.7743945717811584,
      "kge": 0.7839103729531822,
      "rmse": 25.5798282623291,
      "pbias": -3.277452230453491,
      "r": 0.8837146936836356
    },
    "24h": {
      "nse": 0.6190484762191772,
      "kge": 0.7042782429742236,
      "rmse": 32.90011215209961,
      "pbias": -3.9816324710845947,
      "r": 0.7893338733283844
    }
  },
  "best_val_nse": 0.7596750259399414,
  "learned_params": {
    "topmodel_m": 35.78338623046875,
    "topmodel_T_0": 0.046686168760061264,
    "topmodel_sigmoid_temp": 2.653137445449829,
    "topmodel_S_bar_init_fixed": 70.0,
    "tc_scale": 1.4329062700271606,
    "sigma": 6.322218894958496
  },
  "epochs_trained": 69
}