{
  "model_name": "LSTM_DUH_Base_Topmodel",
  "model_type": "lstm_duh_base_topmodel",
  "use_ar": false,
  "seed": 44,
  "test_metrics": {
    "nse": 0.5747019648551941,
    "kge": 0.5746608788810106,
    "rmse": 35.20311737060547,
    "pbias": -1.2230628728866577,
    "r": 0.7686093263104852
  },
  "test_by_horizon": {
    "1h": {
      "nse": 0.4923214316368103,
      "kge": 0.5289309803822517,
      "rmse": 38.53338623046875,
      "pbias": 2.347724676132202,
      "r": 0.7065075781113606
    },
    "3h": {
      "nse": 0.5145702362060547,
      "kge": 0.5121182148502827,
      "rmse": 37.63766860961914,
      "pbias": -3.001293897628784,
      "r": 0.7321153660171681
    },
    "6h": {
      "nse": 0.5747019648551941,
      "kge": 0.5746608788810106,
      "rmse": 35.20311737060547,
      "pbias": -1.2230628728866577,
      "r": 0.7686093263104852
    },
    "12h": {
      "nse": 0.5291260480880737,
      "kge": 0.53494907412122,
      "rmse": 36.95516586303711,
      "pbias": -5.6390252113342285,
      "r": 0.7437322246254598
    },
    "24h": {
      "nse": 0.4485510587692261,
      "kge": 0.508733888689241,
      "rmse": 39.583587646484375,
      "pbias": -1.6508958339691162,
      "r": 0.6712042401791921
    }
  },
  "best_val_nse": 0.5254217386245728,
  "learned_params": {
    "topmodel_m": 25.91850471496582,
    "topmodel_T_0": 0.016920756548643112,
    "topmodel_sigmoid_temp": 4.839260101318359,
    "topmodel_S_bar_init_fixed": 70.0,
    "tc_scale": 1.3850725889205933,
    "sigma": 4.501095771789551
  },
  "epochs_trained": 27
}