{
  "model_name": "LSTM_DUH_Base_Topmodel_PeOnly",
  "model_type": "lstm_duh_base_topmodel_peonly",
  "use_ar": false,
  "seed": 42,
  "test_metrics": {
    "nse": 0.6247665882110596,
    "kge": 0.7329795422713092,
    "rmse": 33.06626892089844,
    "pbias": 6.700185775756836,
    "r": 0.7982459625004144
  },
  "test_by_horizon": {
    "1h": {
      "nse": 0.55842125415802,
      "kge": 0.6934942985488572,
      "rmse": 35.937416076660156,
      "pbias": 7.037900924682617,
      "r": 0.75816436028922
    },
    "3h": {
      "nse": 0.5867268443107605,
      "kge": 0.6980579942400835,
      "rmse": 34.727867126464844,
      "pbias": 5.204707622528076,
      "r": 0.7711973086270475
    },
    "6h": {
      "nse": 0.6247665882110596,
      "kge": 0.7329795422713092,
      "rmse": 33.06626892089844,
      "pbias": 6.700185775756836,
      "r": 0.7982459625004144
    },
    "12h": {
      "nse": 0.6529420614242554,
      "kge": 0.7267473987706922,
      "rmse": 31.726621627807617,
      "pbias": 5.310786724090576,
      "r": 0.8122758493360186
    },
    "24h": {
      "nse": 0.5615154504776001,
      "kge": 0.6728607629732126,
      "rmse": 35.29715347290039,
      "pbias": 1.3445916175842285,
      "r": 0.7506112738898546
    }
  },
  "best_val_nse": 0.46988779306411743,
  "learned_params": {
    "topmodel_m": 30.4932804107666,
    "topmodel_T_0": 0.015612158924341202,
    "topmodel_sigmoid_temp": 4.150447845458984,
    "topmodel_S_bar_init_fixed": 70.0,
    "tc_scale": 1.3574455976486206,
    "sigma": 4.207566261291504
  },
  "epochs_trained": 32
}