{
  "model_name": "LSTM_DUH_Base_Topmodel_AR_GC_gfs",
  "model_type": "lstm_duh_base_topmodel",
  "use_ar": true,
  "use_gc": true,
  "gc_mode": "gfs",
  "seed": 44,
  "test_metrics": {
    "nse": 0.8483781814575195,
    "kge": 0.823663886403619,
    "rmse": 21.01915740966797,
    "pbias": -0.03377990052103996,
    "r": 0.924943221892036
  },
  "test_by_horizon": {
    "1h": {
      "nse": 0.8420268297195435,
      "kge": 0.816229073795995,
      "rmse": 21.49485206604004,
      "pbias": -0.6164395809173584,
      "r": 0.9218912523882214
    },
    "3h": {
      "nse": 0.8501777648925781,
      "kge": 0.8338397718396906,
      "rmse": 20.909690856933594,
      "pbias": 0.25620630383491516,
      "r": 0.9249594432854956
    },
    "6h": {
      "nse": 0.8483781814575195,
      "kge": 0.823663886403619,
      "rmse": 21.01915740966797,
      "pbias": -0.03377990052103996,
      "r": 0.924943221892036
    },
    "12h": {
      "nse": 0.8202966451644897,
      "kge": 0.8109851207864988,
      "rmse": 22.829736709594727,
      "pbias": 1.2000510692596436,
      "r": 0.9089213847949895
    },
    "24h": {
      "nse": 0.680644154548645,
      "kge": 0.7421746890500329,
      "rmse": 30.123119354248047,
      "pbias": 0.14784184098243713,
      "r": 0.8251442860968529
    }
  },
  "best_val_nse": 0.7782963514328003,
  "learned_params": {
    "topmodel_m": 34.91165542602539,
    "topmodel_T_0": 0.039248835295438766,
    "topmodel_sigmoid_temp": 3.328089952468872,
    "topmodel_S_bar_init_fixed": 70.0,
    "tc_scale": 1.9236221313476562,
    "sigma": 7.427376747131348
  },
  "epochs_trained": 67
}