{
  "model_name": "LSTM_DUH_Base_Topmodel_PeOnly_AR",
  "model_type": "lstm_duh_base_topmodel_peonly",
  "use_ar": true,
  "seed": 44,
  "test_metrics": {
    "nse": 0.7997992038726807,
    "kge": 0.8479936371074854,
    "rmse": 24.152793884277344,
    "pbias": 0.7026665806770325,
    "r": 0.8943882258964759
  },
  "test_by_horizon": {
    "1h": {
      "nse": 0.7669913172721863,
      "kge": 0.8339254165478773,
      "rmse": 26.10530662536621,
      "pbias": 2.597745895385742,
      "r": 0.8768296065400834
    },
    "3h": {
      "nse": 0.7834390997886658,
      "kge": 0.8096355238103206,
      "rmse": 25.139087677001953,
      "pbias": 0.395240843296051,
      "r": 0.8859728612209833
    },
    "6h": {
      "nse": 0.7997992038726807,
      "kge": 0.8479936371074854,
      "rmse": 24.152793884277344,
      "pbias": 0.7026665806770325,
      "r": 0.8943882258964759
    },
    "12h": {
      "nse": 0.7939009666442871,
      "kge": 0.8354491676112332,
      "rmse": 24.44898223876953,
      "pbias": -0.093953438103199,
      "r": 0.8911306231465977
    },
    "24h": {
      "nse": 0.6426831483840942,
      "kge": 0.7599728805210442,
      "rmse": 31.86319351196289,
      "pbias": -1.1513521671295166,
      "r": 0.8039750175233157
    }
  },
  "best_val_nse": 0.735161304473877,
  "learned_params": {
    "topmodel_m": 33.498985290527344,
    "topmodel_T_0": 0.01709701679646969,
    "topmodel_sigmoid_temp": 2.79819917678833,
    "topmodel_S_bar_init_fixed": 70.0,
    "tc_scale": 1.374219536781311,
    "sigma": 5.276468276977539
  },
  "epochs_trained": 37
}