{
  "model_name": "LSTM_DUH_Base_SCS_AR",
  "model_type": "lstm_duh_base_scs",
  "use_ar": true,
  "seed": 42,
  "test_metrics": {
    "nse": 0.7552443742752075,
    "kge": 0.8274056216698609,
    "rmse": 26.70550537109375,
    "pbias": 2.2873432636260986,
    "r": 0.8699770850447813
  },
  "test_by_horizon": {
    "1h": {
      "nse": 0.7272189855575562,
      "kge": 0.7957499010325181,
      "rmse": 28.24553680419922,
      "pbias": 2.7678589820861816,
      "r": 0.8538700750427285
    },
    "3h": {
      "nse": 0.741851806640625,
      "kge": 0.8016204565004301,
      "rmse": 27.446945190429688,
      "pbias": 3.7321317195892334,
      "r": 0.8632530157802891
    },
    "6h": {
      "nse": 0.7552443742752075,
      "kge": 0.8274056216698609,
      "rmse": 26.70550537109375,
      "pbias": 2.2873432636260986,
      "r": 0.8699770850447813
    },
    "12h": {
      "nse": 0.7409058213233948,
      "kge": 0.828697598157643,
      "rmse": 27.412691116333008,
      "pbias": 2.3736085891723633,
      "r": 0.8624051100732857
    },
    "24h": {
      "nse": 0.6078107357025146,
      "kge": 0.742656143982942,
      "rmse": 33.3818473815918,
      "pbias": -0.3822144865989685,
      "r": 0.7834852947576855
    }
  },
  "best_val_nse": 0.7781943678855896,
  "learned_params": {
    "lambda_scs": 0.15452750027179718,
    "tc_scale": 1.3955473899841309,
    "sigma": 5.572109222412109
  },
  "epochs_trained": 40
}