{
  "model_name": "LSTM_DUH_Base_SCS_GC_teto",
  "model_type": "lstm_duh_base_scs",
  "use_ar": false,
  "use_gc": true,
  "gc_mode": "teto",
  "seed": 44,
  "test_metrics": {
    "nse": 0.6117767095565796,
    "kge": 0.6277741120340616,
    "rmse": 33.63374710083008,
    "pbias": 2.2253003120422363,
    "r": 0.7885569863188926
  },
  "test_by_horizon": {
    "1h": {
      "nse": 0.5761802196502686,
      "kge": 0.6227356447573824,
      "rmse": 35.20735168457031,
      "pbias": 5.0178141593933105,
      "r": 0.7650842817402607
    },
    "3h": {
      "nse": 0.570216953754425,
      "kge": 0.6022350766725695,
      "rmse": 35.41474533081055,
      "pbias": 1.2436926364898682,
      "r": 0.7591298486694626
    },
    "6h": {
      "nse": 0.6117767095565796,
      "kge": 0.6277741120340616,
      "rmse": 33.63374710083008,
      "pbias": 2.2253003120422363,
      "r": 0.7885569863188926
    },
    "12h": {
      "nse": 0.60328209400177,
      "kge": 0.6242084351937168,
      "rmse": 33.920616149902344,
      "pbias": 3.7436912059783936,
      "r": 0.7839876750556612
    },
    "24h": {
      "nse": 0.559962272644043,
      "kge": 0.6003021898245766,
      "rmse": 35.35961151123047,
      "pbias": 2.3114495277404785,
      "r": 0.7519709660909837
    }
  },
  "best_val_nse": 0.5685822367668152,
  "learned_params": {
    "lambda_scs": 0.0977204442024231,
    "tc_scale": 1.6134669780731201,
    "sigma": 5.518094062805176
  },
  "epochs_trained": 42
}