{
  "model_name": "LSTM_DUH_Base_SCS",
  "model_type": "lstm_duh_base_scs",
  "use_ar": false,
  "seed": 44,
  "test_metrics": {
    "nse": 0.5349909067153931,
    "kge": 0.6225792155731569,
    "rmse": 36.80994415283203,
    "pbias": 11.960878372192383,
    "r": 0.754784828838431
  },
  "test_by_horizon": {
    "1h": {
      "nse": 0.49205315113067627,
      "kge": 0.5798970176318274,
      "rmse": 38.54356384277344,
      "pbias": 12.230186462402344,
      "r": 0.7269140180453333
    },
    "3h": {
      "nse": 0.5352234840393066,
      "kge": 0.5659403748515338,
      "rmse": 36.82828903198242,
      "pbias": 4.738298416137695,
      "r": 0.7401134927681502
    },
    "6h": {
      "nse": 0.5349909067153931,
      "kge": 0.6225792155731569,
      "rmse": 36.80994415283203,
      "pbias": 11.960878372192383,
      "r": 0.754784828838431
    },
    "12h": {
      "nse": 0.49154049158096313,
      "kge": 0.6150613005614785,
      "rmse": 38.40175247192383,
      "pbias": 17.6108341217041,
      "r": 0.7528789373637107
    },
    "24h": {
      "nse": 0.4565066695213318,
      "kge": 0.5377642620362246,
      "rmse": 39.297019958496094,
      "pbias": 8.198707580566406,
      "r": 0.6882126977756498
    }
  },
  "best_val_nse": 0.5699547529220581,
  "learned_params": {
    "lambda_scs": 0.14994701743125916,
    "tc_scale": 1.3082436323165894,
    "sigma": 5.217276573181152
  },
  "epochs_trained": 29
}