{
  "model_name": "LSTM_DUH_Base_SCS",
  "model_type": "lstm_duh_base_scs",
  "use_ar": false,
  "seed": 43,
  "test_metrics": {
    "nse": 0.6452234983444214,
    "kge": 0.7091378665424031,
    "rmse": 32.15229034423828,
    "pbias": 8.633393287658691,
    "r": 0.8146427971935459
  },
  "test_by_horizon": {
    "1h": {
      "nse": 0.6035258173942566,
      "kge": 0.6619925580175412,
      "rmse": 34.05259323120117,
      "pbias": 4.981005668640137,
      "r": 0.7814489821324294
    },
    "3h": {
      "nse": 0.6334304213523865,
      "kge": 0.6797426865098799,
      "rmse": 32.70677185058594,
      "pbias": 4.861858367919922,
      "r": 0.8008178252381879
    },
    "6h": {
      "nse": 0.6452234983444214,
      "kge": 0.7091378665424031,
      "rmse": 32.15229034423828,
      "pbias": 8.633393287658691,
      "r": 0.8146427971935459
    },
    "12h": {
      "nse": 0.6655966639518738,
      "kge": 0.6894333756130444,
      "rmse": 31.14283561706543,
      "pbias": 4.828487873077393,
      "r": 0.8225224296829675
    },
    "24h": {
      "nse": 0.5532864332199097,
      "kge": 0.6685237608447785,
      "rmse": 35.6268196105957,
      "pbias": 10.59471607208252,
      "r": 0.7630265561176015
    }
  },
  "best_val_nse": 0.5051854252815247,
  "learned_params": {
    "lambda_scs": 0.1269494891166687,
    "tc_scale": 1.3267862796783447,
    "sigma": 5.654780387878418
  },
  "epochs_trained": 35
}