{
  "model_name": "LSTM_DUH_Base_Topmodel_PeOnly_AR",
  "model_type": "lstm_duh_base_topmodel_peonly",
  "use_ar": true,
  "seed": 43,
  "test_metrics": {
    "nse": 0.807614803314209,
    "kge": 0.7788757861710978,
    "rmse": 23.676652908325195,
    "pbias": 0.8243999481201172,
    "r": 0.9047836872007191
  },
  "test_by_horizon": {
    "1h": {
      "nse": 0.8065149188041687,
      "kge": 0.772649068008701,
      "rmse": 23.788469314575195,
      "pbias": 0.014261837117373943,
      "r": 0.904955283703383
    },
    "3h": {
      "nse": 0.8134146928787231,
      "kge": 0.7844675919210704,
      "rmse": 23.33448600769043,
      "pbias": 0.7597424387931824,
      "r": 0.9077685067684742
    },
    "6h": {
      "nse": 0.807614803314209,
      "kge": 0.7788757861710978,
      "rmse": 23.676652908325195,
      "pbias": 0.8243999481201172,
      "r": 0.9047836872007191
    },
    "12h": {
      "nse": 0.7702910304069519,
      "kge": 0.7551896066404555,
      "rmse": 25.811416625976562,
      "pbias": -0.6802012920379639,
      "r": 0.8832086795079875
    },
    "24h": {
      "nse": 0.615378737449646,
      "kge": 0.6889993933556253,
      "rmse": 33.058197021484375,
      "pbias": -2.0959229469299316,
      "r": 0.7852115422680632
    }
  },
  "best_val_nse": 0.6844450831413269,
  "learned_params": {
    "topmodel_m": 31.361148834228516,
    "topmodel_T_0": 0.01879993826150894,
    "topmodel_sigmoid_temp": 1.1376241445541382,
    "topmodel_S_bar_init_fixed": 70.0,
    "tc_scale": 1.323767900466919,
    "sigma": 6.5247673988342285
  },
  "epochs_trained": 98
}