{
  "model_name": "LSTM_DUH_Base_Topmodel_AR_GC_gfs",
  "model_type": "lstm_duh_base_topmodel",
  "use_ar": true,
  "use_gc": true,
  "gc_mode": "gfs",
  "seed": 46,
  "test_metrics": {
    "nse": 0.8418850898742676,
    "kge": 0.8229484469257596,
    "rmse": 21.46450424194336,
    "pbias": 1.9949579238891602,
    "r": 0.9214458436908791
  },
  "test_by_horizon": {
    "1h": {
      "nse": 0.8344274759292603,
      "kge": 0.8182230915333485,
      "rmse": 22.00578498840332,
      "pbias": 1.2464109659194946,
      "r": 0.9170204566969228
    },
    "3h": {
      "nse": 0.8412073850631714,
      "kge": 0.8218355467889572,
      "rmse": 21.526561737060547,
      "pbias": 0.7439272999763489,
      "r": 0.920739427967585
    },
    "6h": {
      "nse": 0.8418850898742676,
      "kge": 0.8229484469257596,
      "rmse": 21.46450424194336,
      "pbias": 1.9949579238891602,
      "r": 0.9214458436908791
    },
    "12h": {
      "nse": 0.8111518621444702,
      "kge": 0.8035100096250402,
      "rmse": 23.40341567993164,
      "pbias": 0.7963993549346924,
      "r": 0.9038430903373216
    },
    "24h": {
      "nse": 0.6514495611190796,
      "kge": 0.7267397362080998,
      "rmse": 31.469898223876953,
      "pbias": 0.34349358081817627,
      "r": 0.8071427489395867
    }
  },
  "best_val_nse": 0.8160281777381897,
  "learned_params": {
    "topmodel_m": 36.63469696044922,
    "topmodel_T_0": 0.03051375225186348,
    "topmodel_sigmoid_temp": 3.366529941558838,
    "topmodel_S_bar_init_fixed": 70.0,
    "tc_scale": 1.7048922777175903,
    "sigma": 7.8485798835754395
  },
  "epochs_trained": 59
}