{
  "model_name": "LSTM_DUH_Base_Topmodel_PeOnly_AR",
  "model_type": "lstm_duh_base_topmodel_peonly",
  "use_ar": true,
  "seed": 42,
  "test_metrics": {
    "nse": 0.7508588433265686,
    "kge": 0.7464766381755821,
    "rmse": 26.943696975708008,
    "pbias": -0.014444258995354176,
    "r": 0.8711258553365744
  },
  "test_by_horizon": {
    "1h": {
      "nse": 0.7381554841995239,
      "kge": 0.7217760452838913,
      "rmse": 27.673526763916016,
      "pbias": -1.820129156112671,
      "r": 0.8666515238600206
    },
    "3h": {
      "nse": 0.7487987875938416,
      "kge": 0.7344110947677436,
      "rmse": 27.075119018554688,
      "pbias": -1.826337456703186,
      "r": 0.8720218909658353
    },
    "6h": {
      "nse": 0.7508588433265686,
      "kge": 0.7464766381755821,
      "rmse": 26.943696975708008,
      "pbias": -0.014444258995354176,
      "r": 0.8711258553365744
    },
    "12h": {
      "nse": 0.7206430435180664,
      "kge": 0.7128958468512689,
      "rmse": 28.464433670043945,
      "pbias": -2.9933269023895264,
      "r": 0.8564324591736142
    },
    "24h": {
      "nse": 0.5752271413803101,
      "kge": 0.6770086856410609,
      "rmse": 34.74088668823242,
      "pbias": -1.0818079710006714,
      "r": 0.7590772257409572
    }
  },
  "best_val_nse": 0.7763087749481201,
  "learned_params": {
    "topmodel_m": 24.072998046875,
    "topmodel_T_0": 0.019814901053905487,
    "topmodel_sigmoid_temp": 2.9339194297790527,
    "topmodel_S_bar_init_fixed": 70.0,
    "tc_scale": 1.24527907371521,
    "sigma": 4.638395309448242
  },
  "epochs_trained": 33
}