{
  "model_name": "LSTM_Lumped_AR",
  "model_type": "lstm_lumped_wmean",
  "use_ar": true,
  "seed": 44,
  "test_metrics": {
    "nse": 0.8970451354980469,
    "kge": 0.8572003697464957,
    "rmse": 17.320398330688477,
    "pbias": -0.6040775179862976,
    "r": 0.9509736178942139
  },
  "test_by_horizon": {
    "1h": {
      "nse": 0.9283978939056396,
      "kge": 0.8553525000083704,
      "rmse": 14.471237182617188,
      "pbias": -1.310608983039856,
      "r": 0.970124096749015
    },
    "3h": {
      "nse": 0.9216510057449341,
      "kge": 0.8523749065831212,
      "rmse": 15.120851516723633,
      "pbias": -0.3925936222076416,
      "r": 0.9663280146568083
    },
    "6h": {
      "nse": 0.8970451354980469,
      "kge": 0.8572003697464957,
      "rmse": 17.320398330688477,
      "pbias": -0.6040775179862976,
      "r": 0.9509736178942139
    },
    "12h": {
      "nse": 0.8087963461875916,
      "kge": 0.8287302756795843,
      "rmse": 23.548917770385742,
      "pbias": -0.49523335695266724,
      "r": 0.9002241565393813
    },
    "24h": {
      "nse": 0.5731217265129089,
      "kge": 0.7128178229298701,
      "rmse": 34.82687759399414,
      "pbias": -2.4372358322143555,
      "r": 0.7621155189263931
    }
  },
  "best_val_nse": 0.9196546673774719,
  "learned_params": {},
  "epochs_trained": 85
}