{
  "model_name": "LSTM_DUH_Base_SCS_AR_GC_gfs",
  "model_type": "lstm_duh_base_scs",
  "use_ar": true,
  "use_gc": true,
  "gc_mode": "gfs",
  "seed": 42,
  "test_metrics": {
    "nse": 0.791919469833374,
    "kge": 0.8109082567867387,
    "rmse": 24.62352180480957,
    "pbias": -0.12413293868303299,
    "r": 0.8910696414936017
  },
  "test_by_horizon": {
    "1h": {
      "nse": 0.7616313695907593,
      "kge": 0.790896558621857,
      "rmse": 26.403850555419922,
      "pbias": -0.5916019678115845,
      "r": 0.8736896486991522
    },
    "3h": {
      "nse": 0.7766257524490356,
      "kge": 0.7948637459592183,
      "rmse": 25.531484603881836,
      "pbias": -1.451989769935608,
      "r": 0.883019915418977
    },
    "6h": {
      "nse": 0.791919469833374,
      "kge": 0.8109082567867387,
      "rmse": 24.62352180480957,
      "pbias": -0.12413293868303299,
      "r": 0.8910696414936017
    },
    "12h": {
      "nse": 0.7853884696960449,
      "kge": 0.8116006536212576,
      "rmse": 24.948781967163086,
      "pbias": -0.004789539147168398,
      "r": 0.8870270967641143
    },
    "24h": {
      "nse": 0.6732118129730225,
      "kge": 0.7513156116832409,
      "rmse": 30.471630096435547,
      "pbias": 0.1125260442495346,
      "r": 0.8205295055244199
    }
  },
  "best_val_nse": 0.7411388158798218,
  "learned_params": {
    "lambda_scs": 0.10969909280538559,
    "tc_scale": 1.2665655612945557,
    "sigma": 4.881631851196289
  },
  "epochs_trained": 66
}