{
  "model_name": "LSTM_DUH_Base_Topmodel_PeOnly",
  "model_type": "lstm_duh_base_topmodel_peonly",
  "use_ar": false,
  "seed": 45,
  "test_metrics": {
    "nse": 0.5190934538841248,
    "kge": 0.6277325389003379,
    "rmse": 37.43387222290039,
    "pbias": 15.876202583312988,
    "r": 0.7614586045730752
  },
  "test_by_horizon": {
    "1h": {
      "nse": 0.46511268615722656,
      "kge": 0.6213500114948614,
      "rmse": 39.552494049072266,
      "pbias": 18.82899284362793,
      "r": 0.7434883572767917
    },
    "3h": {
      "nse": 0.49927055835723877,
      "kge": 0.6291565674046101,
      "rmse": 38.226192474365234,
      "pbias": 16.972084045410156,
      "r": 0.754450038534993
    },
    "6h": {
      "nse": 0.5190934538841248,
      "kge": 0.6277325389003379,
      "rmse": 37.43387222290039,
      "pbias": 15.876202583312988,
      "r": 0.7614586045730752
    },
    "12h": {
      "nse": 0.5222513675689697,
      "kge": 0.6449188400676789,
      "rmse": 37.223960876464844,
      "pbias": 17.816692352294922,
      "r": 0.7742761371789509
    },
    "24h": {
      "nse": 0.464677095413208,
      "kge": 0.6005925453105272,
      "rmse": 39.00052261352539,
      "pbias": 14.54825496673584,
      "r": 0.7201608169161768
    }
  },
  "best_val_nse": 0.47008955478668213,
  "learned_params": {
    "topmodel_m": 28.2525691986084,
    "topmodel_T_0": 0.014298762194812298,
    "topmodel_sigmoid_temp": 4.697379112243652,
    "topmodel_S_bar_init_fixed": 70.0,
    "tc_scale": 1.4073338508605957,
    "sigma": 4.5318217277526855
  },
  "epochs_trained": 31
}