{
  "model_name": "LSTM_DUH_Base_Topmodel_AR_GC_teto",
  "model_type": "lstm_duh_base_topmodel",
  "use_ar": true,
  "use_gc": true,
  "gc_mode": "teto",
  "seed": 46,
  "test_metrics": {
    "nse": 0.7940352559089661,
    "kge": 0.8464430667636624,
    "rmse": 24.498016357421875,
    "pbias": 3.107438087463379,
    "r": 0.8923946211925474
  },
  "test_by_horizon": {
    "1h": {
      "nse": 0.7660316228866577,
      "kge": 0.8167635512920369,
      "rmse": 26.159011840820312,
      "pbias": 0.5211419463157654,
      "r": 0.8753210744007164
    },
    "3h": {
      "nse": 0.7830175161361694,
      "kge": 0.8311519188573164,
      "rmse": 25.163543701171875,
      "pbias": 0.5862271785736084,
      "r": 0.8849696498737366
    },
    "6h": {
      "nse": 0.7940352559089661,
      "kge": 0.8464430667636624,
      "rmse": 24.498016357421875,
      "pbias": 3.107438087463379,
      "r": 0.8923946211925474
    },
    "12h": {
      "nse": 0.7956529855728149,
      "kge": 0.8357476479783773,
      "rmse": 24.34484100341797,
      "pbias": 1.9444382190704346,
      "r": 0.8926406367563607
    },
    "24h": {
      "nse": 0.6802222728729248,
      "kge": 0.790301739141056,
      "rmse": 30.14301109313965,
      "pbias": 0.9871891736984253,
      "r": 0.8267666128547968
    }
  },
  "best_val_nse": 0.8071503639221191,
  "learned_params": {
    "topmodel_m": 34.291542053222656,
    "topmodel_T_0": 0.02176864631474018,
    "topmodel_sigmoid_temp": 5.694614887237549,
    "topmodel_S_bar_init_fixed": 70.0,
    "tc_scale": 1.860957384109497,
    "sigma": 5.807175636291504
  },
  "epochs_trained": 38
}