{
  "model_name": "LSTM_DUH_Base_SCS_AR",
  "model_type": "lstm_duh_base_scs",
  "use_ar": true,
  "seed": 43,
  "test_metrics": {
    "nse": 0.7518413066864014,
    "kge": 0.7602199114566246,
    "rmse": 26.890520095825195,
    "pbias": 4.549928665161133,
    "r": 0.8728502787525387
  },
  "test_by_horizon": {
    "1h": {
      "nse": 0.707207441329956,
      "kge": 0.721613486892331,
      "rmse": 29.263263702392578,
      "pbias": 3.381880283355713,
      "r": 0.84594771741738
    },
    "3h": {
      "nse": 0.7252421975135803,
      "kge": 0.7256996493593246,
      "rmse": 28.31616973876953,
      "pbias": 2.0409724712371826,
      "r": 0.8569495762577022
    },
    "6h": {
      "nse": 0.7518413066864014,
      "kge": 0.7602199114566246,
      "rmse": 26.890520095825195,
      "pbias": 4.549928665161133,
      "r": 0.8728502787525387
    },
    "12h": {
      "nse": 0.7586819529533386,
      "kge": 0.7367678922927696,
      "rmse": 26.45560646057129,
      "pbias": 2.792663335800171,
      "r": 0.8791934354355927
    },
    "24h": {
      "nse": 0.6666415929794312,
      "kge": 0.7014818394958875,
      "rmse": 30.776430130004883,
      "pbias": 1.4776030778884888,
      "r": 0.8186893688392449
    }
  },
  "best_val_nse": 0.7578827142715454,
  "learned_params": {
    "lambda_scs": 0.14932668209075928,
    "tc_scale": 1.5521936416625977,
    "sigma": 5.5987019538879395
  },
  "epochs_trained": 48
}