{
  "model_name": "LSTM_DUH_Base_Topmodel_AR_GC_teto",
  "model_type": "lstm_duh_base_topmodel",
  "use_ar": true,
  "use_gc": true,
  "gc_mode": "teto",
  "seed": 44,
  "test_metrics": {
    "nse": 0.8276592493057251,
    "kge": 0.8829582228080329,
    "rmse": 22.4093074798584,
    "pbias": 1.1154390573501587,
    "r": 0.9100610090000053
  },
  "test_by_horizon": {
    "1h": {
      "nse": 0.8054134845733643,
      "kge": 0.8644224722514013,
      "rmse": 23.856082916259766,
      "pbias": 0.3928462564945221,
      "r": 0.8975733074485819
    },
    "3h": {
      "nse": 0.8163395524024963,
      "kge": 0.8807498393217557,
      "rmse": 23.15087127685547,
      "pbias": 0.9869044423103333,
      "r": 0.9040161044285059
    },
    "6h": {
      "nse": 0.8276592493057251,
      "kge": 0.8829582228080329,
      "rmse": 22.4093074798584,
      "pbias": 1.1154390573501587,
      "r": 0.9100610090000053
    },
    "12h": {
      "nse": 0.8165260553359985,
      "kge": 0.8693355179246937,
      "rmse": 23.068004608154297,
      "pbias": 1.4584914445877075,
      "r": 0.9039452976458681
    },
    "24h": {
      "nse": 0.7016894817352295,
      "kge": 0.7981870804142084,
      "rmse": 29.113658905029297,
      "pbias": -0.7524516582489014,
      "r": 0.8387174782489812
    }
  },
  "best_val_nse": 0.8066487312316895,
  "learned_params": {
    "topmodel_m": 38.537254333496094,
    "topmodel_T_0": 0.045947637408971786,
    "topmodel_sigmoid_temp": 3.4195942878723145,
    "topmodel_S_bar_init_fixed": 70.0,
    "tc_scale": 1.8852580785751343,
    "sigma": 6.125433444976807
  },
  "epochs_trained": 67
}