{
  "model_name": "LSTM_DUH_Base_Topmodel_GC_teto",
  "model_type": "lstm_duh_base_topmodel",
  "use_ar": false,
  "use_gc": true,
  "gc_mode": "teto",
  "seed": 45,
  "test_metrics": {
    "nse": 0.6585107445716858,
    "kge": 0.7259068556311298,
    "rmse": 31.544450759887695,
    "pbias": 10.83593463897705,
    "r": 0.8288429864374502
  },
  "test_by_horizon": {
    "1h": {
      "nse": 0.6121557950973511,
      "kge": 0.703780623857312,
      "rmse": 33.67994689941406,
      "pbias": 10.292388916015625,
      "r": 0.7985414378779712
    },
    "3h": {
      "nse": 0.6229193210601807,
      "kge": 0.716698932615718,
      "rmse": 33.17238235473633,
      "pbias": 10.946796417236328,
      "r": 0.8074594086447588
    },
    "6h": {
      "nse": 0.6585107445716858,
      "kge": 0.7259068556311298,
      "rmse": 31.544450759887695,
      "pbias": 10.83593463897705,
      "r": 0.8288429864374502
    },
    "12h": {
      "nse": 0.6830272674560547,
      "kge": 0.7360189740038783,
      "rmse": 30.32032012939453,
      "pbias": 9.57990837097168,
      "r": 0.8402496529628515
    },
    "24h": {
      "nse": 0.5979280471801758,
      "kge": 0.6953213471010093,
      "rmse": 33.79982376098633,
      "pbias": 10.688061714172363,
      "r": 0.7915683767291097
    }
  },
  "best_val_nse": 0.5834881067276001,
  "learned_params": {
    "topmodel_m": 21.495948791503906,
    "topmodel_T_0": 0.028393536806106567,
    "topmodel_sigmoid_temp": 5.3855180740356445,
    "topmodel_S_bar_init_fixed": 70.0,
    "tc_scale": 1.9958420991897583,
    "sigma": 4.694291591644287
  },
  "epochs_trained": 50
}