{
  "model_name": "LSTM_DUH_Base_Topmodel_AR_GC_gfs",
  "model_type": "lstm_duh_base_topmodel",
  "use_ar": true,
  "use_gc": true,
  "gc_mode": "gfs",
  "seed": 42,
  "test_metrics": {
    "nse": 0.8431591391563416,
    "kge": 0.8229653614469783,
    "rmse": 21.377851486206055,
    "pbias": -0.418862521648407,
    "r": 0.9217862720609604
  },
  "test_by_horizon": {
    "1h": {
      "nse": 0.8344623446464539,
      "kge": 0.8024671603612373,
      "rmse": 22.003469467163086,
      "pbias": -0.8497924208641052,
      "r": 0.9189147945139172
    },
    "3h": {
      "nse": 0.8463619947433472,
      "kge": 0.8222005722795555,
      "rmse": 21.17428970336914,
      "pbias": -1.0174819231033325,
      "r": 0.9239755556851579
    },
    "6h": {
      "nse": 0.8431591391563416,
      "kge": 0.8229653614469783,
      "rmse": 21.377851486206055,
      "pbias": -0.418862521648407,
      "r": 0.9217862720609604
    },
    "12h": {
      "nse": 0.8054947853088379,
      "kge": 0.8003298001948291,
      "rmse": 23.75135612487793,
      "pbias": -0.9250892996788025,
      "r": 0.9006175300126764
    },
    "24h": {
      "nse": 0.6609435081481934,
      "kge": 0.7325093766758799,
      "rmse": 31.03834342956543,
      "pbias": 0.4533556401729584,
      "r": 0.8130270210160921
    }
  },
  "best_val_nse": 0.8025243282318115,
  "learned_params": {
    "topmodel_m": 35.98887252807617,
    "topmodel_T_0": 0.025428779423236847,
    "topmodel_sigmoid_temp": 3.7130608558654785,
    "topmodel_S_bar_init_fixed": 70.0,
    "tc_scale": 1.6616867780685425,
    "sigma": 6.024465084075928
  },
  "epochs_trained": 66
}