{
  "model_name": "LSTM_DUH_Base_SCS_PeOnly",
  "model_type": "lstm_duh_base_scs_peonly",
  "use_ar": false,
  "seed": 42,
  "test_metrics": {
    "nse": 0.46267932653427124,
    "kge": 0.5806845913577876,
    "rmse": 39.56864929199219,
    "pbias": 3.246922492980957,
    "r": 0.6834537347073425
  },
  "test_by_horizon": {
    "1h": {
      "nse": 0.4419630169868469,
      "kge": 0.5580410125692172,
      "rmse": 40.39933395385742,
      "pbias": 2.268056631088257,
      "r": 0.6671204133796463
    },
    "3h": {
      "nse": 0.4540112018585205,
      "kge": 0.5613568811514578,
      "rmse": 39.91640090942383,
      "pbias": 3.4627113342285156,
      "r": 0.6765682967858233
    },
    "6h": {
      "nse": 0.46267932653427124,
      "kge": 0.5806845913577876,
      "rmse": 39.56864929199219,
      "pbias": 3.246922492980957,
      "r": 0.6834537347073425
    },
    "12h": {
      "nse": 0.45670056343078613,
      "kge": 0.5556469082654074,
      "rmse": 39.69561004638672,
      "pbias": 1.8721059560775757,
      "r": 0.6766928063662577
    },
    "24h": {
      "nse": 0.322814404964447,
      "kge": 0.46806932087243724,
      "rmse": 43.86482238769531,
      "pbias": -1.1229361295700073,
      "r": 0.5772066772540967
    }
  },
  "best_val_nse": 0.4472404718399048,
  "learned_params": {
    "lambda_scs": 0.11349396407604218,
    "tc_scale": 1.306726098060608,
    "sigma": 5.649712562561035
  },
  "epochs_trained": 45
}