{
  "model_name": "LSTM_DUH_Base_Topmodel_AR",
  "model_type": "lstm_duh_base_topmodel",
  "use_ar": true,
  "seed": 44,
  "test_metrics": {
    "nse": 0.810892641544342,
    "kge": 0.7533821969421179,
    "rmse": 23.474082946777344,
    "pbias": -2.5980448722839355,
    "r": 0.9124403893924699
  },
  "test_by_horizon": {
    "1h": {
      "nse": 0.7946940660476685,
      "kge": 0.7388258803127293,
      "rmse": 24.504365921020508,
      "pbias": -5.93373966217041,
      "r": 0.9078127999818514
    },
    "3h": {
      "nse": 0.804882287979126,
      "kge": 0.7447961010309223,
      "rmse": 23.8620548248291,
      "pbias": -5.217792987823486,
      "r": 0.9126632218689666
    },
    "6h": {
      "nse": 0.810892641544342,
      "kge": 0.7533821969421179,
      "rmse": 23.474082946777344,
      "pbias": -2.5980448722839355,
      "r": 0.9124403893924699
    },
    "12h": {
      "nse": 0.7822767496109009,
      "kge": 0.7583032190715683,
      "rmse": 25.12900161743164,
      "pbias": -2.3709747791290283,
      "r": 0.8915950886967284
    },
    "24h": {
      "nse": 0.5848283767700195,
      "kge": 0.6718276246221333,
      "rmse": 34.34601593017578,
      "pbias": -5.445103645324707,
      "r": 0.7695631171660314
    }
  },
  "best_val_nse": 0.7878711223602295,
  "learned_params": {
    "topmodel_m": 34.177276611328125,
    "topmodel_T_0": 0.04022940993309021,
    "topmodel_sigmoid_temp": 2.776430368423462,
    "topmodel_S_bar_init_fixed": 70.0,
    "tc_scale": 1.262914776802063,
    "sigma": 4.752781391143799
  },
  "epochs_trained": 52
}