{
  "model_name": "LSTM_DUH_Base_Topmodel_GC_gfs",
  "model_type": "lstm_duh_base_topmodel",
  "use_ar": false,
  "use_gc": true,
  "gc_mode": "gfs",
  "seed": 43,
  "test_metrics": {
    "nse": 0.6173596382141113,
    "kge": 0.5898698248999901,
    "rmse": 33.391029357910156,
    "pbias": 2.4140310287475586,
    "r": 0.8031529306174465
  },
  "test_by_horizon": {
    "1h": {
      "nse": 0.5479339361190796,
      "kge": 0.5367177108882568,
      "rmse": 36.36166000366211,
      "pbias": 0.008034002967178822,
      "r": 0.7548755109016425
    },
    "3h": {
      "nse": 0.5877653360366821,
      "kge": 0.5664292541578317,
      "rmse": 34.6842041015625,
      "pbias": 1.3638650178909302,
      "r": 0.783115190234801
    },
    "6h": {
      "nse": 0.6173596382141113,
      "kge": 0.5898698248999901,
      "rmse": 33.391029357910156,
      "pbias": 2.4140310287475586,
      "r": 0.8031529306174465
    },
    "12h": {
      "nse": 0.6166155338287354,
      "kge": 0.5951463774836869,
      "rmse": 33.34571838378906,
      "pbias": 4.563161373138428,
      "r": 0.8034341290283724
    },
    "24h": {
      "nse": 0.49289584159851074,
      "kge": 0.5301562678612869,
      "rmse": 37.95867919921875,
      "pbias": 1.551558256149292,
      "r": 0.7062322854380402
    }
  },
  "best_val_nse": 0.5666710138320923,
  "learned_params": {
    "topmodel_m": 20.956146240234375,
    "topmodel_T_0": 0.01232955977320671,
    "topmodel_sigmoid_temp": 6.506868839263916,
    "topmodel_S_bar_init_fixed": 70.0,
    "tc_scale": 1.925986409187317,
    "sigma": 6.944643497467041
  },
  "epochs_trained": 30
}