{
  "model_name": "LSTM_Lumped",
  "model_type": "lstm_lumped_wmean",
  "use_ar": false,
  "seed": 44,
  "test_metrics": {
    "nse": 0.49163222312927246,
    "kge": 0.5213605665060661,
    "rmse": 38.487831115722656,
    "pbias": -1.0158733129501343,
    "r": 0.7063843796095259
  },
  "test_by_horizon": {
    "1h": {
      "nse": 0.49032819271087646,
      "kge": 0.5255052326982815,
      "rmse": 38.60895538330078,
      "pbias": 0.9425933957099915,
      "r": 0.704447836871426
    },
    "3h": {
      "nse": 0.4909454584121704,
      "kge": 0.5261881807795004,
      "rmse": 38.54265594482422,
      "pbias": 0.47432059049606323,
      "r": 0.7047465881580501
    },
    "6h": {
      "nse": 0.49163222312927246,
      "kge": 0.5213605665060661,
      "rmse": 38.487831115722656,
      "pbias": -1.0158733129501343,
      "r": 0.7063843796095259
    },
    "12h": {
      "nse": 0.4769684076309204,
      "kge": 0.5296349870104415,
      "rmse": 38.94814682006836,
      "pbias": 1.4796557426452637,
      "r": 0.692714729631298
    },
    "24h": {
      "nse": 0.36424893140792847,
      "kge": 0.4587536594244799,
      "rmse": 42.501678466796875,
      "pbias": -0.3865099549293518,
      "r": 0.6041533957893488
    }
  },
  "best_val_nse": 0.519152820110321,
  "learned_params": {},
  "epochs_trained": 52
}