{
  "model_name": "LSTM_AR",
  "model_type": "lstm",
  "use_ar": true,
  "seed": 42,
  "test_metrics": {
    "nse": 0.7586870789527893,
    "kge": 0.7616631700985645,
    "rmse": 26.51702308654785,
    "pbias": -2.869898557662964,
    "r": 0.8755357111863907
  },
  "test_by_horizon": {
    "1h": {
      "nse": 0.726681649684906,
      "kge": 0.733908857697697,
      "rmse": 28.27334213256836,
      "pbias": -4.65989351272583,
      "r": 0.8592586702289984
    },
    "3h": {
      "nse": 0.737507700920105,
      "kge": 0.724566020220166,
      "rmse": 27.67691993713379,
      "pbias": -4.521679878234863,
      "r": 0.8680896001548583
    },
    "6h": {
      "nse": 0.7586870789527893,
      "kge": 0.7616631700985645,
      "rmse": 26.51702308654785,
      "pbias": -2.869898557662964,
      "r": 0.8755357111863907
    },
    "12h": {
      "nse": 0.7466671466827393,
      "kge": 0.7393026447898154,
      "rmse": 27.106199264526367,
      "pbias": -4.117002487182617,
      "r": 0.8716420763321798
    },
    "24h": {
      "nse": 0.6275432109832764,
      "kge": 0.6969066375549919,
      "rmse": 32.53123092651367,
      "pbias": -4.883524417877197,
      "r": 0.796057862600084
    }
  },
  "best_val_nse": 0.7218397855758667,
  "learned_params": {},
  "epochs_trained": 46
}