{
  "model_name": "LSTM_DUH_Base_Topmodel_PeOnly_AR",
  "model_type": "lstm_duh_base_topmodel_peonly",
  "use_ar": true,
  "seed": 45,
  "test_metrics": {
    "nse": 0.8240383267402649,
    "kge": 0.7855986415858593,
    "rmse": 22.643495559692383,
    "pbias": -1.6806021928787231,
    "r": 0.9148941473889106
  },
  "test_by_horizon": {
    "1h": {
      "nse": 0.8156708478927612,
      "kge": 0.7756452630344001,
      "rmse": 23.21879768371582,
      "pbias": 0.5393846035003662,
      "r": 0.9106501645272901
    },
    "3h": {
      "nse": 0.8196197152137756,
      "kge": 0.7749373220041411,
      "rmse": 22.94320297241211,
      "pbias": -1.1049731969833374,
      "r": 0.9135456569070248
    },
    "6h": {
      "nse": 0.8240383267402649,
      "kge": 0.7855986415858593,
      "rmse": 22.643495559692383,
      "pbias": -1.6806021928787231,
      "r": 0.9148941473889106
    },
    "12h": {
      "nse": 0.7857014536857605,
      "kge": 0.7762303917586084,
      "rmse": 24.930583953857422,
      "pbias": -3.616898536682129,
      "r": 0.8922424021560412
    },
    "24h": {
      "nse": 0.6040636301040649,
      "kge": 0.6983046201096885,
      "rmse": 33.54093933105469,
      "pbias": -4.225738048553467,
      "r": 0.7802661775463152
    }
  },
  "best_val_nse": 0.8116377592086792,
  "learned_params": {
    "topmodel_m": 35.58624267578125,
    "topmodel_T_0": 0.02373877540230751,
    "topmodel_sigmoid_temp": 2.341820240020752,
    "topmodel_S_bar_init_fixed": 70.0,
    "tc_scale": 1.304829716682434,
    "sigma": 4.9077887535095215
  },
  "epochs_trained": 45
}