{
  "model_name": "LSTM_DUH_Base_SCS_AR_GC_teto",
  "model_type": "lstm_duh_base_scs",
  "use_ar": true,
  "use_gc": true,
  "gc_mode": "teto",
  "seed": 46,
  "test_metrics": {
    "nse": 0.8211294412612915,
    "kge": 0.8679614332278202,
    "rmse": 22.829893112182617,
    "pbias": -0.8243138194084167,
    "r": 0.906252973372106
  },
  "test_by_horizon": {
    "1h": {
      "nse": 0.8240156173706055,
      "kge": 0.8545596691324553,
      "rmse": 22.687143325805664,
      "pbias": -3.4418249130249023,
      "r": 0.9094952030505999
    },
    "3h": {
      "nse": 0.8277496099472046,
      "kge": 0.8727727988538555,
      "rmse": 22.420207977294922,
      "pbias": -2.3351404666900635,
      "r": 0.910530223202143
    },
    "6h": {
      "nse": 0.8211294412612915,
      "kge": 0.8679614332278202,
      "rmse": 22.829893112182617,
      "pbias": -0.8243138194084167,
      "r": 0.906252973372106
    },
    "12h": {
      "nse": 0.7793465256690979,
      "kge": 0.8648557359514244,
      "rmse": 25.297536849975586,
      "pbias": -0.19902268052101135,
      "r": 0.884039657187391
    },
    "24h": {
      "nse": 0.6642191410064697,
      "kge": 0.8068956185740394,
      "rmse": 30.888051986694336,
      "pbias": 1.9044522047042847,
      "r": 0.8222486331689729
    }
  },
  "best_val_nse": 0.7769187092781067,
  "learned_params": {
    "lambda_scs": 0.06417592614889145,
    "tc_scale": 1.413999319076538,
    "sigma": 4.759559631347656
  },
  "epochs_trained": 86
}