{
  "model_name": "LSTM_DUH_Base_SCS_AR_GC_gfs",
  "model_type": "lstm_duh_base_scs",
  "use_ar": true,
  "use_gc": true,
  "gc_mode": "gfs",
  "seed": 44,
  "test_metrics": {
    "nse": 0.7496169805526733,
    "kge": 0.817356754176174,
    "rmse": 27.01076316833496,
    "pbias": -1.0450098514556885,
    "r": 0.8660173846481024
  },
  "test_by_horizon": {
    "1h": {
      "nse": 0.7322291135787964,
      "kge": 0.8054959336968497,
      "rmse": 27.984943389892578,
      "pbias": -1.7170541286468506,
      "r": 0.856229725241503
    },
    "3h": {
      "nse": 0.7408139705657959,
      "kge": 0.8140192886527149,
      "rmse": 27.502065658569336,
      "pbias": -1.7716443538665771,
      "r": 0.8612941099022056
    },
    "6h": {
      "nse": 0.7496169805526733,
      "kge": 0.817356754176174,
      "rmse": 27.01076316833496,
      "pbias": -1.0450098514556885,
      "r": 0.8660173846481024
    },
    "12h": {
      "nse": 0.7404810190200806,
      "kge": 0.8212185382510373,
      "rmse": 27.435152053833008,
      "pbias": 0.19748838245868683,
      "r": 0.8609327055855701
    },
    "24h": {
      "nse": 0.6132826209068298,
      "kge": 0.7532792475798187,
      "rmse": 33.148155212402344,
      "pbias": -0.5740243196487427,
      "r": 0.7879039509950244
    }
  },
  "best_val_nse": 0.7039859294891357,
  "learned_params": {
    "lambda_scs": 0.07664930820465088,
    "tc_scale": 1.0942919254302979,
    "sigma": 6.671041488647461
  },
  "epochs_trained": 81
}