{
  "model_name": "LSTM_Lumped",
  "model_type": "lstm_lumped_wmean",
  "use_ar": false,
  "seed": 45,
  "test_metrics": {
    "nse": 0.5471280813217163,
    "kge": 0.6300320932457122,
    "rmse": 36.32638168334961,
    "pbias": 13.731527328491211,
    "r": 0.7702003134329684
  },
  "test_by_horizon": {
    "1h": {
      "nse": 0.5278459787368774,
      "kge": 0.6209876250996507,
      "rmse": 37.160762786865234,
      "pbias": 14.68868350982666,
      "r": 0.7614972421237334
    },
    "3h": {
      "nse": 0.5437667369842529,
      "kge": 0.634298526076389,
      "rmse": 36.488243103027344,
      "pbias": 13.545413970947266,
      "r": 0.7668676212212492
    },
    "6h": {
      "nse": 0.5471280813217163,
      "kge": 0.6300320932457122,
      "rmse": 36.32638168334961,
      "pbias": 13.731527328491211,
      "r": 0.7702003134329684
    },
    "12h": {
      "nse": 0.5406510829925537,
      "kge": 0.6295814290126012,
      "rmse": 36.50010681152344,
      "pbias": 14.043464660644531,
      "r": 0.7673472794815468
    },
    "24h": {
      "nse": 0.41159939765930176,
      "kge": 0.5863966060777328,
      "rmse": 40.888301849365234,
      "pbias": 15.408778190612793,
      "r": 0.6909421887110627
    }
  },
  "best_val_nse": 0.49982935190200806,
  "learned_params": {},
  "epochs_trained": 81
}