{
  "model_name": "LSTM_Lumped_AR",
  "model_type": "lstm_lumped_wmean",
  "use_ar": true,
  "seed": 43,
  "test_metrics": {
    "nse": 0.8888372778892517,
    "kge": 0.8316479712563113,
    "rmse": 17.997577667236328,
    "pbias": -0.45589640736579895,
    "r": 0.9491550469916014
  },
  "test_by_horizon": {
    "1h": {
      "nse": 0.9318118095397949,
      "kge": 0.8721361280753276,
      "rmse": 14.122037887573242,
      "pbias": 1.0225616693496704,
      "r": 0.9699852331290447
    },
    "3h": {
      "nse": 0.9254060387611389,
      "kge": 0.8758181009162832,
      "rmse": 14.754050254821777,
      "pbias": 0.7918587327003479,
      "r": 0.9657988715629441
    },
    "6h": {
      "nse": 0.8888372778892517,
      "kge": 0.8316479712563113,
      "rmse": 17.997577667236328,
      "pbias": -0.45589640736579895,
      "r": 0.9491550469916014
    },
    "12h": {
      "nse": 0.8078621625900269,
      "kge": 0.8457713575992535,
      "rmse": 23.606372833251953,
      "pbias": 0.8936935663223267,
      "r": 0.89904954269999
    },
    "24h": {
      "nse": 0.5649078488349915,
      "kge": 0.7098188168876034,
      "rmse": 35.16034698486328,
      "pbias": -0.8526848554611206,
      "r": 0.7565894012252598
    }
  },
  "best_val_nse": 0.9128520488739014,
  "learned_params": {},
  "epochs_trained": 59
}