{
  "model_name": "LSTM_Lumped_AR",
  "model_type": "lstm_lumped_wmean",
  "use_ar": true,
  "seed": 45,
  "test_metrics": {
    "nse": 0.85226970911026,
    "kge": 0.8100363764597004,
    "rmse": 20.747663497924805,
    "pbias": 3.3670291900634766,
    "r": 0.9304992123675582
  },
  "test_by_horizon": {
    "1h": {
      "nse": 0.8982293605804443,
      "kge": 0.7955155569465933,
      "rmse": 17.25257682800293,
      "pbias": 0.8685804009437561,
      "r": 0.9616413971597633
    },
    "3h": {
      "nse": 0.8867107629776001,
      "kge": 0.8060003369757971,
      "rmse": 18.182512283325195,
      "pbias": 2.1249642372131348,
      "r": 0.9524807965454833
    },
    "6h": {
      "nse": 0.85226970911026,
      "kge": 0.8100363764597004,
      "rmse": 20.747663497924805,
      "pbias": 3.3670291900634766,
      "r": 0.9304992123675582
    },
    "12h": {
      "nse": 0.7624425888061523,
      "kge": 0.7858521929464988,
      "rmse": 26.248659133911133,
      "pbias": 5.018743991851807,
      "r": 0.8779024117952241
    },
    "24h": {
      "nse": 0.5615448951721191,
      "kge": 0.6651583425839441,
      "rmse": 35.29596710205078,
      "pbias": -0.6031086444854736,
      "r": 0.7499272119311792
    }
  },
  "best_val_nse": 0.8804329633712769,
  "learned_params": {},
  "epochs_trained": 46
}