{
  "model_name": "LSTM",
  "model_type": "lstm",
  "use_ar": false,
  "seed": 44,
  "test_metrics": {
    "nse": 0.5087369084358215,
    "kge": 0.5966715226154875,
    "rmse": 37.83480453491211,
    "pbias": 10.286126136779785,
    "r": 0.7310319944850622
  },
  "test_by_horizon": {
    "1h": {
      "nse": 0.47998541593551636,
      "kge": 0.5935639381929212,
      "rmse": 38.99873352050781,
      "pbias": 10.910202980041504,
      "r": 0.7133935280156642
    },
    "3h": {
      "nse": 0.4898163676261902,
      "kge": 0.5831081485120349,
      "rmse": 38.58537673950195,
      "pbias": 11.130966186523438,
      "r": 0.7209099379448136
    },
    "6h": {
      "nse": 0.5087369084358215,
      "kge": 0.5966715226154875,
      "rmse": 37.83480453491211,
      "pbias": 10.286126136779785,
      "r": 0.7310319944850622
    },
    "12h": {
      "nse": 0.5039869546890259,
      "kge": 0.6024909708741557,
      "rmse": 37.92882537841797,
      "pbias": 11.637280464172363,
      "r": 0.7326824774193347
    },
    "24h": {
      "nse": 0.43626677989959717,
      "kge": 0.5427550701507272,
      "rmse": 40.02205276489258,
      "pbias": 7.793158531188965,
      "r": 0.672128456265459
    }
  },
  "best_val_nse": 0.5547542572021484,
  "learned_params": {},
  "epochs_trained": 31
}