{
  "model_name": "LSTM_DUH_Base_Topmodel_PeOnly",
  "model_type": "lstm_duh_base_topmodel_peonly",
  "use_ar": false,
  "seed": 44,
  "test_metrics": {
    "nse": 0.5897405743598938,
    "kge": 0.695250879910281,
    "rmse": 34.57512283325195,
    "pbias": 5.651045799255371,
    "r": 0.7735407452952489
  },
  "test_by_horizon": {
    "1h": {
      "nse": 0.5403405427932739,
      "kge": 0.6227601858417774,
      "rmse": 36.665771484375,
      "pbias": 3.494135618209839,
      "r": 0.7370871754960167
    },
    "3h": {
      "nse": 0.5587177276611328,
      "kge": 0.6761664912158122,
      "rmse": 35.885398864746094,
      "pbias": 1.4942914247512817,
      "r": 0.7492674112647351
    },
    "6h": {
      "nse": 0.5897405743598938,
      "kge": 0.695250879910281,
      "rmse": 34.57512283325195,
      "pbias": 5.651045799255371,
      "r": 0.7735407452952489
    },
    "12h": {
      "nse": 0.6033692359924316,
      "kge": 0.7518929477292703,
      "rmse": 33.91688919067383,
      "pbias": 8.161519050598145,
      "r": 0.7930572201426174
    },
    "24h": {
      "nse": 0.534328818321228,
      "kge": 0.6783942353497654,
      "rmse": 36.37493133544922,
      "pbias": 7.481337547302246,
      "r": 0.744301902362681
    }
  },
  "best_val_nse": 0.5043154954910278,
  "learned_params": {
    "topmodel_m": 22.372037887573242,
    "topmodel_T_0": 0.013395069167017937,
    "topmodel_sigmoid_temp": 5.06178092956543,
    "topmodel_S_bar_init_fixed": 70.0,
    "tc_scale": 1.4955945014953613,
    "sigma": 4.91246223449707
  },
  "epochs_trained": 25
}