{
  "model_name": "LSTM_Lumped_AR",
  "model_type": "lstm_lumped_wmean",
  "use_ar": true,
  "seed": 42,
  "test_metrics": {
    "nse": 0.8655729293823242,
    "kge": 0.780439146841635,
    "rmse": 19.791458129882812,
    "pbias": -2.6145617961883545,
    "r": 0.9440071811274053
  },
  "test_by_horizon": {
    "1h": {
      "nse": 0.9104664921760559,
      "kge": 0.7835597878243109,
      "rmse": 16.1821231842041,
      "pbias": -2.66044282913208,
      "r": 0.9730435804472466
    },
    "3h": {
      "nse": 0.9004918336868286,
      "kge": 0.7896541554213464,
      "rmse": 17.040756225585938,
      "pbias": -2.8676891326904297,
      "r": 0.9651881277996183
    },
    "6h": {
      "nse": 0.8655729293823242,
      "kge": 0.780439146841635,
      "rmse": 19.791458129882812,
      "pbias": -2.6145617961883545,
      "r": 0.9440071811274053
    },
    "12h": {
      "nse": 0.7785866260528564,
      "kge": 0.7644899539692278,
      "rmse": 25.3410587310791,
      "pbias": -2.2776124477386475,
      "r": 0.8880812392188897
    },
    "24h": {
      "nse": 0.55394446849823,
      "kge": 0.6638986899229972,
      "rmse": 35.60057067871094,
      "pbias": -4.529923915863037,
      "r": 0.7484435605225345
    }
  },
  "best_val_nse": 0.8946487903594971,
  "learned_params": {},
  "epochs_trained": 69
}