{
  "model_name": "LSTM_AR",
  "model_type": "lstm",
  "use_ar": true,
  "seed": 44,
  "test_metrics": {
    "nse": 0.6947183609008789,
    "kge": 0.6859012145530075,
    "rmse": 29.825298309326172,
    "pbias": -8.195977210998535,
    "r": 0.8509590067437783
  },
  "test_by_horizon": {
    "1h": {
      "nse": 0.668480396270752,
      "kge": 0.6618603115860616,
      "rmse": 31.138477325439453,
      "pbias": -11.063302993774414,
      "r": 0.8444565785366448
    },
    "3h": {
      "nse": 0.6815518140792847,
      "kge": 0.6781116894156265,
      "rmse": 30.484487533569336,
      "pbias": -10.929197311401367,
      "r": 0.8504062511669522
    },
    "6h": {
      "nse": 0.6947183609008789,
      "kge": 0.6859012145530075,
      "rmse": 29.825298309326172,
      "pbias": -8.195977210998535,
      "r": 0.8509590067437783
    },
    "12h": {
      "nse": 0.6688714027404785,
      "kge": 0.6743304023308165,
      "rmse": 30.989971160888672,
      "pbias": -9.71889877319336,
      "r": 0.8381416663214624
    },
    "24h": {
      "nse": 0.5230851173400879,
      "kge": 0.6165794512026433,
      "rmse": 36.81145095825195,
      "pbias": -10.382438659667969,
      "r": 0.7416027877869984
    }
  },
  "best_val_nse": 0.7258142232894897,
  "learned_params": {},
  "epochs_trained": 45
}