{
  "model_name": "LSTM_DUH_Base_SCS_GC_gfs",
  "model_type": "lstm_duh_base_scs",
  "use_ar": false,
  "use_gc": true,
  "gc_mode": "gfs",
  "seed": 46,
  "test_metrics": {
    "nse": 0.5410585403442383,
    "kge": 0.6105609682020903,
    "rmse": 36.56899642944336,
    "pbias": -2.8721394538879395,
    "r": 0.7372856164693571
  },
  "test_by_horizon": {
    "1h": {
      "nse": 0.4945279359817505,
      "kge": 0.5790022965103346,
      "rmse": 38.44955825805664,
      "pbias": -3.35612416267395,
      "r": 0.7051551199679011
    },
    "3h": {
      "nse": 0.5250276327133179,
      "kge": 0.6094178155022758,
      "rmse": 37.23005294799805,
      "pbias": -0.6303333044052124,
      "r": 0.7246556122586617
    },
    "6h": {
      "nse": 0.5410585403442383,
      "kge": 0.6105609682020903,
      "rmse": 36.56899642944336,
      "pbias": -2.8721394538879395,
      "r": 0.7372856164693571
    },
    "12h": {
      "nse": 0.5505855083465576,
      "kge": 0.6142358015203899,
      "rmse": 36.10325622558594,
      "pbias": -3.327932596206665,
      "r": 0.7444916211317985
    },
    "24h": {
      "nse": 0.47214388847351074,
      "kge": 0.5705499503922217,
      "rmse": 38.72757339477539,
      "pbias": -4.039977550506592,
      "r": 0.6902448397802877
    }
  },
  "best_val_nse": 0.5453524589538574,
  "learned_params": {
    "lambda_scs": 0.09743589162826538,
    "tc_scale": 1.3988088369369507,
    "sigma": 6.1268134117126465
  },
  "epochs_trained": 46
}