{
  "model_name": "LSTM_DUH_Base_SCS",
  "model_type": "lstm_duh_base_scs",
  "use_ar": false,
  "seed": 46,
  "test_metrics": {
    "nse": 0.454578697681427,
    "kge": 0.6502085090715262,
    "rmse": 39.86580276489258,
    "pbias": 11.549007415771484,
    "r": 0.7100352972085606
  },
  "test_by_horizon": {
    "1h": {
      "nse": 0.4272070527076721,
      "kge": 0.6339388891305886,
      "rmse": 40.92998504638672,
      "pbias": 11.558700561523438,
      "r": 0.6929532546899705
    },
    "3h": {
      "nse": 0.4404553771018982,
      "kge": 0.6439794571189454,
      "rmse": 40.40888595581055,
      "pbias": 12.340886116027832,
      "r": 0.7046547395438563
    },
    "6h": {
      "nse": 0.454578697681427,
      "kge": 0.6502085090715262,
      "rmse": 39.86580276489258,
      "pbias": 11.549007415771484,
      "r": 0.7100352972085606
    },
    "12h": {
      "nse": 0.43352317810058594,
      "kge": 0.6521077144460012,
      "rmse": 40.53348159790039,
      "pbias": 13.166536331176758,
      "r": 0.707458323087055
    },
    "24h": {
      "nse": 0.29886364936828613,
      "kge": 0.5791079443473587,
      "rmse": 44.6337890625,
      "pbias": 14.896535873413086,
      "r": 0.6343837790196606
    }
  },
  "best_val_nse": 0.6076267957687378,
  "learned_params": {
    "lambda_scs": 0.15556539595127106,
    "tc_scale": 1.2680394649505615,
    "sigma": 5.705132007598877
  },
  "epochs_trained": 61
}