{
  "model_name": "LSTM_AR",
  "model_type": "lstm",
  "use_ar": true,
  "seed": 43,
  "test_metrics": {
    "nse": 0.8311169147491455,
    "kge": 0.8048563180066818,
    "rmse": 22.18337059020996,
    "pbias": -5.022669315338135,
    "r": 0.9193847171784969
  },
  "test_by_horizon": {
    "1h": {
      "nse": 0.8149470090866089,
      "kge": 0.786651367631335,
      "rmse": 23.264341354370117,
      "pbias": -5.983972549438477,
      "r": 0.9127698380456829
    },
    "3h": {
      "nse": 0.8244324326515198,
      "kge": 0.7917570296033889,
      "rmse": 22.635059356689453,
      "pbias": -5.879185199737549,
      "r": 0.9180351787314491
    },
    "6h": {
      "nse": 0.8311169147491455,
      "kge": 0.8048563180066818,
      "rmse": 22.18337059020996,
      "pbias": -5.022669315338135,
      "r": 0.9193847171784969
    },
    "12h": {
      "nse": 0.7976930737495422,
      "kge": 0.8009523072211211,
      "rmse": 24.22301483154297,
      "pbias": -5.345117092132568,
      "r": 0.8991622194010912
    },
    "24h": {
      "nse": 0.6213878393173218,
      "kge": 0.7181776460181895,
      "rmse": 32.7989387512207,
      "pbias": -7.113585948944092,
      "r": 0.7965408813303514
    }
  },
  "best_val_nse": 0.7653257846832275,
  "learned_params": {},
  "epochs_trained": 80
}