{
  "model_name": "LSTM_DUH_Base_SCS_GC_teto",
  "model_type": "lstm_duh_base_scs",
  "use_ar": false,
  "use_gc": true,
  "gc_mode": "teto",
  "seed": 43,
  "test_metrics": {
    "nse": 0.49562394618988037,
    "kge": 0.6205563004666154,
    "rmse": 38.336429595947266,
    "pbias": 2.366377592086792,
    "r": 0.7069636244937625
  },
  "test_by_horizon": {
    "1h": {
      "nse": 0.4640722870826721,
      "kge": 0.5943439551002556,
      "rmse": 39.5909423828125,
      "pbias": 1.443333625793457,
      "r": 0.6843438877544351
    },
    "3h": {
      "nse": 0.4691879153251648,
      "kge": 0.6036448323388635,
      "rmse": 39.35771560668945,
      "pbias": 1.121139407157898,
      "r": 0.6884425102898815
    },
    "6h": {
      "nse": 0.49562394618988037,
      "kge": 0.6205563004666154,
      "rmse": 38.336429595947266,
      "pbias": 2.366377592086792,
      "r": 0.7069636244937625
    },
    "12h": {
      "nse": 0.5038769841194153,
      "kge": 0.6252563634294921,
      "rmse": 37.93302917480469,
      "pbias": 2.780346393585205,
      "r": 0.7127873135163465
    },
    "24h": {
      "nse": 0.46658414602279663,
      "kge": 0.6101154500803193,
      "rmse": 38.93099594116211,
      "pbias": 0.9779337644577026,
      "r": 0.6877846286310545
    }
  },
  "best_val_nse": 0.5546959042549133,
  "learned_params": {
    "lambda_scs": 0.10986051708459854,
    "tc_scale": 1.5228766202926636,
    "sigma": 5.739240646362305
  },
  "epochs_trained": 54
}