{
  "model_name": "LSTM",
  "model_type": "lstm",
  "use_ar": false,
  "seed": 46,
  "test_metrics": {
    "nse": 0.5785449743270874,
    "kge": 0.6857952302458459,
    "rmse": 35.04370880126953,
    "pbias": -3.714344024658203,
    "r": 0.7635152382833815
  },
  "test_by_horizon": {
    "1h": {
      "nse": 0.5430589914321899,
      "kge": 0.676120505567527,
      "rmse": 36.55718994140625,
      "pbias": -1.4895604848861694,
      "r": 0.7403010187628634
    },
    "3h": {
      "nse": 0.558106005191803,
      "kge": 0.6679391234130558,
      "rmse": 35.91025924682617,
      "pbias": -4.157744884490967,
      "r": 0.7506174614855559
    },
    "6h": {
      "nse": 0.5785449743270874,
      "kge": 0.6857952302458459,
      "rmse": 35.04370880126953,
      "pbias": -3.714344024658203,
      "r": 0.7635152382833815
    },
    "12h": {
      "nse": 0.5999408960342407,
      "kge": 0.7021527648746713,
      "rmse": 34.06315994262695,
      "pbias": -4.01437520980835,
      "r": 0.7775949740034314
    },
    "24h": {
      "nse": 0.5264694690704346,
      "kge": 0.6610583913631868,
      "rmse": 36.680606842041016,
      "pbias": -4.268163681030273,
      "r": 0.7316614195459172
    }
  },
  "best_val_nse": 0.5111367702484131,
  "learned_params": {},
  "epochs_trained": 32
}