{
  "model_name": "LSTM_DUH_Base_SCS_GC_gfs",
  "model_type": "lstm_duh_base_scs",
  "use_ar": false,
  "use_gc": true,
  "gc_mode": "gfs",
  "seed": 45,
  "test_metrics": {
    "nse": 0.5444734692573547,
    "kge": 0.6394134967064882,
    "rmse": 36.43269348144531,
    "pbias": 9.477386474609375,
    "r": 0.7524116015152464
  },
  "test_by_horizon": {
    "1h": {
      "nse": 0.49373847246170044,
      "kge": 0.6207343891043705,
      "rmse": 38.47956848144531,
      "pbias": 11.892745971679688,
      "r": 0.7273623229298611
    },
    "3h": {
      "nse": 0.5019044876098633,
      "kge": 0.6188384597849148,
      "rmse": 38.12552261352539,
      "pbias": 12.705705642700195,
      "r": 0.735640370685767
    },
    "6h": {
      "nse": 0.5444734692573547,
      "kge": 0.6394134967064882,
      "rmse": 36.43269348144531,
      "pbias": 9.477386474609375,
      "r": 0.7524116015152464
    },
    "12h": {
      "nse": 0.5445111989974976,
      "kge": 0.6278848737445213,
      "rmse": 36.3464241027832,
      "pbias": 9.1658296585083,
      "r": 0.7516996240734366
    },
    "24h": {
      "nse": 0.45944535732269287,
      "kge": 0.5665249849606997,
      "rmse": 39.190635681152344,
      "pbias": 7.604338645935059,
      "r": 0.6886479828422027
    }
  },
  "best_val_nse": 0.4905504584312439,
  "learned_params": {
    "lambda_scs": 0.15278881788253784,
    "tc_scale": 1.3247623443603516,
    "sigma": 5.337388515472412
  },
  "epochs_trained": 27
}