{
  "model_name": "LSTM_DUH_Base_SCS_GC_teto",
  "model_type": "lstm_duh_base_scs",
  "use_ar": false,
  "use_gc": true,
  "gc_mode": "teto",
  "seed": 46,
  "test_metrics": {
    "nse": 0.5856664180755615,
    "kge": 0.6618025806587388,
    "rmse": 34.746376037597656,
    "pbias": 10.188401222229004,
    "r": 0.7816888738943317
  },
  "test_by_horizon": {
    "1h": {
      "nse": 0.5552809238433838,
      "kge": 0.6335943535051096,
      "rmse": 36.06497573852539,
      "pbias": 8.369516372680664,
      "r": 0.7565587962576548
    },
    "3h": {
      "nse": 0.5849035978317261,
      "kge": 0.6286715581220799,
      "rmse": 34.804386138916016,
      "pbias": 4.989068508148193,
      "r": 0.7709487692117691
    },
    "6h": {
      "nse": 0.5856664180755615,
      "kge": 0.6618025806587388,
      "rmse": 34.746376037597656,
      "pbias": 10.188401222229004,
      "r": 0.7816888738943317
    },
    "12h": {
      "nse": 0.6094347238540649,
      "kge": 0.6328280909039184,
      "rmse": 33.656551361083984,
      "pbias": 0.6941246390342712,
      "r": 0.7851110431094434
    },
    "24h": {
      "nse": 0.5668493509292603,
      "kge": 0.6417195683040406,
      "rmse": 35.081809997558594,
      "pbias": 5.449005126953125,
      "r": 0.7579707126587876
    }
  },
  "best_val_nse": 0.5131247043609619,
  "learned_params": {
    "lambda_scs": 0.11536519229412079,
    "tc_scale": 1.447153091430664,
    "sigma": 5.255539417266846
  },
  "epochs_trained": 38
}