{
  "model_name": "LSTM_AR",
  "model_type": "lstm",
  "use_ar": true,
  "seed": 45,
  "test_metrics": {
    "nse": 0.8247170448303223,
    "kge": 0.8150135149962422,
    "rmse": 22.59978485107422,
    "pbias": -2.430896520614624,
    "r": 0.9118182324847863
  },
  "test_by_horizon": {
    "1h": {
      "nse": 0.8128694295883179,
      "kge": 0.7946644820614143,
      "rmse": 23.394575119018555,
      "pbias": -3.66206955909729,
      "r": 0.9075777232083752
    },
    "3h": {
      "nse": 0.8234686255455017,
      "kge": 0.81094186343363,
      "rmse": 22.697105407714844,
      "pbias": -3.717923641204834,
      "r": 0.9124370193392021
    },
    "6h": {
      "nse": 0.8247170448303223,
      "kge": 0.8150135149962422,
      "rmse": 22.59978485107422,
      "pbias": -2.430896520614624,
      "r": 0.9118182324847863
    },
    "12h": {
      "nse": 0.7941908836364746,
      "kge": 0.8219850769167392,
      "rmse": 24.431781768798828,
      "pbias": -2.830167293548584,
      "r": 0.8928414154629114
    },
    "24h": {
      "nse": 0.606234073638916,
      "kge": 0.7327194322776422,
      "rmse": 33.44887924194336,
      "pbias": -3.2386040687561035,
      "r": 0.7829468684122476
    }
  },
  "best_val_nse": 0.7774027585983276,
  "learned_params": {},
  "epochs_trained": 92
}