{
  "model_name": "LSTM_DUH_Base_SCS_AR_GC_teto",
  "model_type": "lstm_duh_base_scs",
  "use_ar": true,
  "use_gc": true,
  "gc_mode": "teto",
  "seed": 42,
  "test_metrics": {
    "nse": 0.7445659637451172,
    "kge": 0.8181282506745776,
    "rmse": 27.281848907470703,
    "pbias": 1.7528553009033203,
    "r": 0.8634909144118285
  },
  "test_by_horizon": {
    "1h": {
      "nse": 0.7196820974349976,
      "kge": 0.7964998614498653,
      "rmse": 28.633087158203125,
      "pbias": 1.3095178604125977,
      "r": 0.8487298233460838
    },
    "3h": {
      "nse": 0.7346463203430176,
      "kge": 0.8042602799146663,
      "rmse": 27.827362060546875,
      "pbias": 1.2395237684249878,
      "r": 0.8573792382671511
    },
    "6h": {
      "nse": 0.7445659637451172,
      "kge": 0.8181282506745776,
      "rmse": 27.281848907470703,
      "pbias": 1.7528553009033203,
      "r": 0.8634909144118285
    },
    "12h": {
      "nse": 0.7372622489929199,
      "kge": 0.8138774945915328,
      "rmse": 27.604764938354492,
      "pbias": 3.3222591876983643,
      "r": 0.8604516142429454
    },
    "24h": {
      "nse": 0.6637479662895203,
      "kge": 0.7751626433362773,
      "rmse": 30.909713745117188,
      "pbias": 2.7032744884490967,
      "r": 0.8175937556670302
    }
  },
  "best_val_nse": 0.7242192625999451,
  "learned_params": {
    "lambda_scs": 0.07293824106454849,
    "tc_scale": 1.3968937397003174,
    "sigma": 4.479187488555908
  },
  "epochs_trained": 85
}