{
  "model_name": "LSTM_Lumped",
  "model_type": "lstm_lumped_wmean",
  "use_ar": false,
  "seed": 46,
  "test_metrics": {
    "nse": 0.47263818979263306,
    "kge": 0.478730428792277,
    "rmse": 39.20024490356445,
    "pbias": 3.4583535194396973,
    "r": 0.7011474495847357
  },
  "test_by_horizon": {
    "1h": {
      "nse": 0.47090160846710205,
      "kge": 0.48431050340084947,
      "rmse": 39.3378791809082,
      "pbias": 8.148941993713379,
      "r": 0.7092466459164102
    },
    "3h": {
      "nse": 0.47971010208129883,
      "kge": 0.48171812304665373,
      "rmse": 38.965675354003906,
      "pbias": 4.248832702636719,
      "r": 0.7087953215643977
    },
    "6h": {
      "nse": 0.47263818979263306,
      "kge": 0.478730428792277,
      "rmse": 39.20024490356445,
      "pbias": 3.4583535194396973,
      "r": 0.7011474495847357
    },
    "12h": {
      "nse": 0.4463067054748535,
      "kge": 0.4735832609669366,
      "rmse": 40.073516845703125,
      "pbias": 7.969417572021484,
      "r": 0.687274022221763
    },
    "24h": {
      "nse": 0.35107356309890747,
      "kge": 0.4339764608978719,
      "rmse": 42.939823150634766,
      "pbias": 7.540927410125732,
      "r": 0.6043582382832212
    }
  },
  "best_val_nse": 0.4477041959762573,
  "learned_params": {},
  "epochs_trained": 56
}