{
  "model_name": "LSTM_DUH_Base_SCS_PeOnly",
  "model_type": "lstm_duh_base_scs_peonly",
  "use_ar": false,
  "seed": 45,
  "test_metrics": {
    "nse": 0.6178720593452454,
    "kge": 0.6684916495188753,
    "rmse": 33.36866760253906,
    "pbias": 5.246673583984375,
    "r": 0.7914671200806793
  },
  "test_by_horizon": {
    "1h": {
      "nse": 0.604846715927124,
      "kge": 0.65888357246767,
      "rmse": 33.99582290649414,
      "pbias": 5.255073547363281,
      "r": 0.7830379406929
    },
    "3h": {
      "nse": 0.6104239225387573,
      "kge": 0.6650641271382284,
      "rmse": 33.7175178527832,
      "pbias": 5.366114139556885,
      "r": 0.7866974977228127
    },
    "6h": {
      "nse": 0.6178720593452454,
      "kge": 0.6684916495188753,
      "rmse": 33.36866760253906,
      "pbias": 5.246673583984375,
      "r": 0.7914671200806793
    },
    "12h": {
      "nse": 0.6049850583076477,
      "kge": 0.6667147318263009,
      "rmse": 33.84773254394531,
      "pbias": 4.3380231857299805,
      "r": 0.781272164555984
    },
    "24h": {
      "nse": 0.4791869521141052,
      "kge": 0.5906943603390549,
      "rmse": 38.46834182739258,
      "pbias": 3.6420061588287354,
      "r": 0.6954276490243412
    }
  },
  "best_val_nse": 0.46642351150512695,
  "learned_params": {
    "lambda_scs": 0.10317903757095337,
    "tc_scale": 1.394150733947754,
    "sigma": 4.850703716278076
  },
  "epochs_trained": 62
}