{
  "model_name": "LSTM_DUH_Base_Topmodel_AR_GC_teto",
  "model_type": "lstm_duh_base_topmodel",
  "use_ar": true,
  "use_gc": true,
  "gc_mode": "teto",
  "seed": 43,
  "test_metrics": {
    "nse": 0.7903721332550049,
    "kge": 0.8104587394513152,
    "rmse": 24.71490478515625,
    "pbias": 3.878309726715088,
    "r": 0.8921030225547097
  },
  "test_by_horizon": {
    "1h": {
      "nse": 0.7785660028457642,
      "kge": 0.8225540331728267,
      "rmse": 25.448657989501953,
      "pbias": 6.59959602355957,
      "r": 0.8883133158078923
    },
    "3h": {
      "nse": 0.7868903875350952,
      "kge": 0.811384320778277,
      "rmse": 24.937965393066406,
      "pbias": 4.3264594078063965,
      "r": 0.8903998226923744
    },
    "6h": {
      "nse": 0.7903721332550049,
      "kge": 0.8104587394513152,
      "rmse": 24.71490478515625,
      "pbias": 3.878309726715088,
      "r": 0.8921030225547097
    },
    "12h": {
      "nse": 0.7765384912490845,
      "kge": 0.8078299925655866,
      "rmse": 25.457996368408203,
      "pbias": 4.435018539428711,
      "r": 0.884476626782059
    },
    "24h": {
      "nse": 0.6383798122406006,
      "kge": 0.7487940530526503,
      "rmse": 32.05448913574219,
      "pbias": 6.189446926116943,
      "r": 0.8062683137946387
    }
  },
  "best_val_nse": 0.78962242603302,
  "learned_params": {
    "topmodel_m": 28.129243850708008,
    "topmodel_T_0": 0.034533217549324036,
    "topmodel_sigmoid_temp": 5.2634501457214355,
    "topmodel_S_bar_init_fixed": 70.0,
    "tc_scale": 1.826186180114746,
    "sigma": 5.314721584320068
  },
  "epochs_trained": 50
}