{
  "model_name": "LSTM_DUH_Base_SCS_AR_GC_gfs",
  "model_type": "lstm_duh_base_scs",
  "use_ar": true,
  "use_gc": true,
  "gc_mode": "gfs",
  "seed": 45,
  "test_metrics": {
    "nse": 0.7823969721794128,
    "kge": 0.8526825991179242,
    "rmse": 25.180646896362305,
    "pbias": 0.7823326587677002,
    "r": 0.8849255845132269
  },
  "test_by_horizon": {
    "1h": {
      "nse": 0.7660501003265381,
      "kge": 0.8314421348017593,
      "rmse": 26.157978057861328,
      "pbias": -0.5312889814376831,
      "r": 0.8753545064397767
    },
    "3h": {
      "nse": 0.776443600654602,
      "kge": 0.8369691442441183,
      "rmse": 25.54189109802246,
      "pbias": -0.6101974844932556,
      "r": 0.8812408520680678
    },
    "6h": {
      "nse": 0.7823969721794128,
      "kge": 0.8526825991179242,
      "rmse": 25.180646896362305,
      "pbias": 0.7823326587677002,
      "r": 0.8849255845132269
    },
    "12h": {
      "nse": 0.7684205174446106,
      "kge": 0.8448995215904208,
      "rmse": 25.916292190551758,
      "pbias": 0.7851958870887756,
      "r": 0.8771446798302398
    },
    "24h": {
      "nse": 0.6470573544502258,
      "kge": 0.7806086974905191,
      "rmse": 31.667558670043945,
      "pbias": 1.487227201461792,
      "r": 0.809095017603199
    }
  },
  "best_val_nse": 0.7212908267974854,
  "learned_params": {
    "lambda_scs": 0.06723116338253021,
    "tc_scale": 1.1590888500213623,
    "sigma": 6.431826114654541
  },
  "epochs_trained": 66
}