{
  "model_name": "LSTM_DUH_Base_Topmodel_GC_teto",
  "model_type": "lstm_duh_base_topmodel",
  "use_ar": false,
  "use_gc": true,
  "gc_mode": "teto",
  "seed": 44,
  "test_metrics": {
    "nse": 0.6311720609664917,
    "kge": 0.6575598921487903,
    "rmse": 32.78282165527344,
    "pbias": 8.152264595031738,
    "r": 0.8084855379940052
  },
  "test_by_horizon": {
    "1h": {
      "nse": 0.5735716223716736,
      "kge": 0.6234993137586107,
      "rmse": 35.31553649902344,
      "pbias": 9.647245407104492,
      "r": 0.7742465849054873
    },
    "3h": {
      "nse": 0.586013913154602,
      "kge": 0.6272737319022845,
      "rmse": 34.757808685302734,
      "pbias": 6.622147560119629,
      "r": 0.7750899341230274
    },
    "6h": {
      "nse": 0.6311720609664917,
      "kge": 0.6575598921487903,
      "rmse": 32.78282165527344,
      "pbias": 8.152264595031738,
      "r": 0.8084855379940052
    },
    "12h": {
      "nse": 0.6522380113601685,
      "kge": 0.6692022228572387,
      "rmse": 31.758787155151367,
      "pbias": 8.78515338897705,
      "r": 0.8240467372040173
    },
    "24h": {
      "nse": 0.5844330191612244,
      "kge": 0.6253328746378849,
      "rmse": 34.36236572265625,
      "pbias": 6.067506790161133,
      "r": 0.7732138973355598
    }
  },
  "best_val_nse": 0.5685470700263977,
  "learned_params": {
    "topmodel_m": 22.499849319458008,
    "topmodel_T_0": 0.012762397527694702,
    "topmodel_sigmoid_temp": 7.1565446853637695,
    "topmodel_S_bar_init_fixed": 70.0,
    "tc_scale": 2.1327145099639893,
    "sigma": 5.901952743530273
  },
  "epochs_trained": 32
}