{
  "model_name": "LSTM_DUH_Base_Topmodel",
  "model_type": "lstm_duh_base_topmodel",
  "use_ar": false,
  "seed": 43,
  "test_metrics": {
    "nse": 0.6299835443496704,
    "kge": 0.6723076091430225,
    "rmse": 32.835601806640625,
    "pbias": 4.504971027374268,
    "r": 0.7985537547839255
  },
  "test_by_horizon": {
    "1h": {
      "nse": 0.5882539749145508,
      "kge": 0.642272234891578,
      "rmse": 34.702232360839844,
      "pbias": 3.213688850402832,
      "r": 0.7697135463641621
    },
    "3h": {
      "nse": 0.6071692705154419,
      "kge": 0.6573029875990049,
      "rmse": 33.858070373535156,
      "pbias": 3.7563560009002686,
      "r": 0.7826786259409689
    },
    "6h": {
      "nse": 0.6299835443496704,
      "kge": 0.6723076091430225,
      "rmse": 32.835601806640625,
      "pbias": 4.504971027374268,
      "r": 0.7985537547839255
    },
    "12h": {
      "nse": 0.6265279054641724,
      "kge": 0.683697269005467,
      "rmse": 32.91181945800781,
      "pbias": 6.371372699737549,
      "r": 0.7984397463741997
    },
    "24h": {
      "nse": 0.5041865706443787,
      "kge": 0.6278353193510107,
      "rmse": 37.53372573852539,
      "pbias": 5.902187824249268,
      "r": 0.7176943726060004
    }
  },
  "best_val_nse": 0.5804317593574524,
  "learned_params": {
    "topmodel_m": 32.763221740722656,
    "topmodel_T_0": 0.07247599214315414,
    "topmodel_sigmoid_temp": 2.729951858520508,
    "topmodel_S_bar_init_fixed": 70.0,
    "tc_scale": 1.4794520139694214,
    "sigma": 5.738536357879639
  },
  "epochs_trained": 63
}