{
  "model_name": "LSTM_DUH_Base_Topmodel_AR",
  "model_type": "lstm_duh_base_topmodel",
  "use_ar": true,
  "seed": 43,
  "test_metrics": {
    "nse": 0.8060399293899536,
    "kge": 0.7807672150692821,
    "rmse": 23.773365020751953,
    "pbias": -5.031421184539795,
    "r": 0.9065398008663911
  },
  "test_by_horizon": {
    "1h": {
      "nse": 0.790827751159668,
      "kge": 0.7572720477933137,
      "rmse": 24.734024047851562,
      "pbias": -6.05470085144043,
      "r": 0.9015852822381583
    },
    "3h": {
      "nse": 0.7994887232780457,
      "kge": 0.7702594890403851,
      "rmse": 24.189613342285156,
      "pbias": -5.977270603179932,
      "r": 0.9051181434524458
    },
    "6h": {
      "nse": 0.8060399293899536,
      "kge": 0.7807672150692821,
      "rmse": 23.773365020751953,
      "pbias": -5.031421184539795,
      "r": 0.9065398008663911
    },
    "12h": {
      "nse": 0.7755323648452759,
      "kge": 0.7696716940466444,
      "rmse": 25.515241622924805,
      "pbias": -4.451374053955078,
      "r": 0.8872689297004865
    },
    "24h": {
      "nse": 0.591010570526123,
      "kge": 0.6881159504515393,
      "rmse": 34.08933639526367,
      "pbias": -6.7366042137146,
      "r": 0.776281461693693
    }
  },
  "best_val_nse": 0.8087638020515442,
  "learned_params": {
    "topmodel_m": 34.62471008300781,
    "topmodel_T_0": 0.042457375675439835,
    "topmodel_sigmoid_temp": 2.034823417663574,
    "topmodel_S_bar_init_fixed": 70.0,
    "tc_scale": 1.5302485227584839,
    "sigma": 5.851296424865723
  },
  "epochs_trained": 61
}