{
  "model_name": "LSTM_DUH_Base_SCS_AR_GC_gfs",
  "model_type": "lstm_duh_base_scs",
  "use_ar": true,
  "use_gc": true,
  "gc_mode": "gfs",
  "seed": 46,
  "test_metrics": {
    "nse": 0.8283219337463379,
    "kge": 0.8357536960111744,
    "rmse": 22.366180419921875,
    "pbias": 0.8798779845237732,
    "r": 0.9115811958204117
  },
  "test_by_horizon": {
    "1h": {
      "nse": 0.8163540959358215,
      "kge": 0.83893168777215,
      "rmse": 23.17572784423828,
      "pbias": 0.9579923748970032,
      "r": 0.9042633495192772
    },
    "3h": {
      "nse": 0.8258529901504517,
      "kge": 0.846035242572267,
      "rmse": 22.543298721313477,
      "pbias": 0.6892997622489929,
      "r": 0.9094553933827209
    },
    "6h": {
      "nse": 0.8283219337463379,
      "kge": 0.8357536960111744,
      "rmse": 22.366180419921875,
      "pbias": 0.8798779845237732,
      "r": 0.9115811958204117
    },
    "12h": {
      "nse": 0.8020420074462891,
      "kge": 0.8288253402335486,
      "rmse": 23.96124267578125,
      "pbias": 0.3440048396587372,
      "r": 0.8961627686535418
    },
    "24h": {
      "nse": 0.668623149394989,
      "kge": 0.7665336851831807,
      "rmse": 30.68482208251953,
      "pbias": -0.027530621737241745,
      "r": 0.8184340768568289
    }
  },
  "best_val_nse": 0.7693265676498413,
  "learned_params": {
    "lambda_scs": 0.072700135409832,
    "tc_scale": 1.1965439319610596,
    "sigma": 6.4322967529296875
  },
  "epochs_trained": 79
}