{
  "model_name": "LSTM_Lumped",
  "model_type": "lstm_lumped_wmean",
  "use_ar": false,
  "seed": 43,
  "test_metrics": {
    "nse": 0.39231282472610474,
    "kge": 0.4056725825448023,
    "rmse": 42.07987594604492,
    "pbias": 6.464372634887695,
    "r": 0.6451175531752201
  },
  "test_by_horizon": {
    "1h": {
      "nse": 0.38246846199035645,
      "kge": 0.39980038023331854,
      "rmse": 42.498374938964844,
      "pbias": 6.171376705169678,
      "r": 0.634913515530911
    },
    "3h": {
      "nse": 0.388474702835083,
      "kge": 0.3956732212159002,
      "rmse": 42.244163513183594,
      "pbias": 6.310771942138672,
      "r": 0.6437190425764562
    },
    "6h": {
      "nse": 0.39231282472610474,
      "kge": 0.4056725825448023,
      "rmse": 42.07987594604492,
      "pbias": 6.464372634887695,
      "r": 0.6451175531752201
    },
    "12h": {
      "nse": 0.4041935205459595,
      "kge": 0.4135843254294811,
      "rmse": 41.56956100463867,
      "pbias": 5.314627170562744,
      "r": 0.6526533074271363
    },
    "24h": {
      "nse": 0.3483198881149292,
      "kge": 0.3833203905089585,
      "rmse": 43.03083419799805,
      "pbias": 4.067721366882324,
      "r": 0.5968742805557168
    }
  },
  "best_val_nse": 0.46921640634536743,
  "learned_params": {},
  "epochs_trained": 35
}