{
  "model_name": "LSTM_DUH_Base_SCS_GC_gfs",
  "model_type": "lstm_duh_base_scs",
  "use_ar": false,
  "use_gc": true,
  "gc_mode": "gfs",
  "seed": 42,
  "test_metrics": {
    "nse": 0.6002206802368164,
    "kge": 0.7168076467709766,
    "rmse": 34.130653381347656,
    "pbias": 13.164960861206055,
    "r": 0.8024010334813306
  },
  "test_by_horizon": {
    "1h": {
      "nse": 0.5660085082054138,
      "kge": 0.6870551123542061,
      "rmse": 35.62733459472656,
      "pbias": 12.941258430480957,
      "r": 0.7795922484304318
    },
    "3h": {
      "nse": 0.5872771143913269,
      "kge": 0.7018023498251136,
      "rmse": 34.70473861694336,
      "pbias": 11.743500709533691,
      "r": 0.7885523511390132
    },
    "6h": {
      "nse": 0.6002206802368164,
      "kge": 0.7168076467709766,
      "rmse": 34.130653381347656,
      "pbias": 13.164960861206055,
      "r": 0.8024010334813306
    },
    "12h": {
      "nse": 0.5826902985572815,
      "kge": 0.6988489949571877,
      "rmse": 34.78981399536133,
      "pbias": 12.660453796386719,
      "r": 0.7892420039764035
    },
    "24h": {
      "nse": 0.45750683546066284,
      "kge": 0.6438572260568867,
      "rmse": 39.26084899902344,
      "pbias": 12.974346160888672,
      "r": 0.7157533256425445
    }
  },
  "best_val_nse": 0.5437731742858887,
  "learned_params": {
    "lambda_scs": 0.14292481541633606,
    "tc_scale": 1.4610741138458252,
    "sigma": 4.731510639190674
  },
  "epochs_trained": 43
}