{
  "model_name": "LSTM_DUH_Base_Topmodel_AR_GC_gfs",
  "model_type": "lstm_duh_base_topmodel",
  "use_ar": true,
  "use_gc": true,
  "gc_mode": "gfs",
  "seed": 45,
  "test_metrics": {
    "nse": 0.8438178300857544,
    "kge": 0.8345183665603357,
    "rmse": 21.33291244506836,
    "pbias": 1.470908761024475,
    "r": 0.9212498699636199
  },
  "test_by_horizon": {
    "1h": {
      "nse": 0.8512393832206726,
      "kge": 0.8284703178148244,
      "rmse": 20.85867691040039,
      "pbias": 0.34396180510520935,
      "r": 0.926189403575377
    },
    "3h": {
      "nse": 0.8475849628448486,
      "kge": 0.8219534389376473,
      "rmse": 21.089847564697266,
      "pbias": -0.40678924322128296,
      "r": 0.9246678371144215
    },
    "6h": {
      "nse": 0.8438178300857544,
      "kge": 0.8345183665603357,
      "rmse": 21.33291244506836,
      "pbias": 1.470908761024475,
      "r": 0.9212498699636199
    },
    "12h": {
      "nse": 0.7999914288520813,
      "kge": 0.8115760990926325,
      "rmse": 24.085025787353516,
      "pbias": 0.6526828408241272,
      "r": 0.8960534300157595
    },
    "24h": {
      "nse": 0.6274489164352417,
      "kge": 0.7219698371686494,
      "rmse": 32.53534698486328,
      "pbias": 1.6078130006790161,
      "r": 0.792840433379184
    }
  },
  "best_val_nse": 0.8086953163146973,
  "learned_params": {
    "topmodel_m": 34.93115997314453,
    "topmodel_T_0": 0.03483956307172775,
    "topmodel_sigmoid_temp": 3.613513708114624,
    "topmodel_S_bar_init_fixed": 70.0,
    "tc_scale": 1.7881299257278442,
    "sigma": 7.991246223449707
  },
  "epochs_trained": 57
}