{
  "model_name": "LSTM_DUH_Base_SCS",
  "model_type": "lstm_duh_base_scs",
  "use_ar": false,
  "seed": 42,
  "test_metrics": {
    "nse": 0.5922228097915649,
    "kge": 0.6516428148842502,
    "rmse": 34.47036361694336,
    "pbias": 2.4935717582702637,
    "r": 0.7712286070692315
  },
  "test_by_horizon": {
    "1h": {
      "nse": 0.5473169088363647,
      "kge": 0.594946272195961,
      "rmse": 36.38646697998047,
      "pbias": -0.4764809310436249,
      "r": 0.7418035255280523
    },
    "3h": {
      "nse": 0.5469566583633423,
      "kge": 0.5918274867929021,
      "rmse": 36.3604621887207,
      "pbias": -0.011935785412788391,
      "r": 0.7418355037336503
    },
    "6h": {
      "nse": 0.5922228097915649,
      "kge": 0.6516428148842502,
      "rmse": 34.47036361694336,
      "pbias": 2.4935717582702637,
      "r": 0.7712286070692315
    },
    "12h": {
      "nse": 0.5618795156478882,
      "kge": 0.6102596000274383,
      "rmse": 35.64672088623047,
      "pbias": -1.1546097993850708,
      "r": 0.7515796954788893
    },
    "24h": {
      "nse": 0.4537506103515625,
      "kge": 0.5446006278126272,
      "rmse": 39.39653396606445,
      "pbias": -3.0271975994110107,
      "r": 0.6753368294969109
    }
  },
  "best_val_nse": 0.5604734420776367,
  "learned_params": {
    "lambda_scs": 0.1595178246498108,
    "tc_scale": 1.2165073156356812,
    "sigma": 5.575056552886963
  },
  "epochs_trained": 39
}