{
  "model_name": "LSTM_DUH_Base_SCS_AR_GC_gfs",
  "model_type": "lstm_duh_base_scs",
  "use_ar": true,
  "use_gc": true,
  "gc_mode": "gfs",
  "seed": 43,
  "test_metrics": {
    "nse": 0.7515379786491394,
    "kge": 0.7640709079191988,
    "rmse": 26.90694808959961,
    "pbias": 0.8090142607688904,
    "r": 0.869504064356739
  },
  "test_by_horizon": {
    "1h": {
      "nse": 0.7301612496376038,
      "kge": 0.7474840657088614,
      "rmse": 28.092792510986328,
      "pbias": 0.06683428585529327,
      "r": 0.8569693720724305
    },
    "3h": {
      "nse": 0.7416694164276123,
      "kge": 0.7560733778475663,
      "rmse": 27.456642150878906,
      "pbias": 1.0664801597595215,
      "r": 0.8638879464481787
    },
    "6h": {
      "nse": 0.7515379786491394,
      "kge": 0.7640709079191988,
      "rmse": 26.90694808959961,
      "pbias": 0.8090142607688904,
      "r": 0.869504064356739
    },
    "12h": {
      "nse": 0.7467229962348938,
      "kge": 0.7677277264852989,
      "rmse": 27.10321044921875,
      "pbias": 1.523947834968567,
      "r": 0.8662377574830648
    },
    "24h": {
      "nse": 0.6453312039375305,
      "kge": 0.7236219034250776,
      "rmse": 31.744903564453125,
      "pbias": 1.2999213933944702,
      "r": 0.8035907167441871
    }
  },
  "best_val_nse": 0.6998064517974854,
  "learned_params": {
    "lambda_scs": 0.06690111011266708,
    "tc_scale": 1.3162704706192017,
    "sigma": 6.602324962615967
  },
  "epochs_trained": 93
}