{
  "model_name": "LSTM_DUH_Base_Topmodel_GC_gfs",
  "model_type": "lstm_duh_base_topmodel",
  "use_ar": false,
  "use_gc": true,
  "gc_mode": "gfs",
  "seed": 46,
  "test_metrics": {
    "nse": 0.6669235229492188,
    "kge": 0.7493005370702375,
    "rmse": 31.153467178344727,
    "pbias": 5.0928778648376465,
    "r": 0.820557719182069
  },
  "test_by_horizon": {
    "1h": {
      "nse": 0.6119133234024048,
      "kge": 0.7183680078615177,
      "rmse": 33.69047164916992,
      "pbias": 3.289027214050293,
      "r": 0.7847602436343628
    },
    "3h": {
      "nse": 0.6438302993774414,
      "kge": 0.7315528328623881,
      "rmse": 32.239479064941406,
      "pbias": 4.543928146362305,
      "r": 0.8056164167004646
    },
    "6h": {
      "nse": 0.6669235229492188,
      "kge": 0.7493005370702375,
      "rmse": 31.153467178344727,
      "pbias": 5.0928778648376465,
      "r": 0.820557719182069
    },
    "12h": {
      "nse": 0.6753813624382019,
      "kge": 0.7511618010493724,
      "rmse": 30.683828353881836,
      "pbias": 4.581902503967285,
      "r": 0.8249175321426763
    },
    "24h": {
      "nse": 0.5527980327606201,
      "kge": 0.681747038766281,
      "rmse": 35.64628982543945,
      "pbias": 4.977849006652832,
      "r": 0.7500045456513765
    }
  },
  "best_val_nse": 0.5820047855377197,
  "learned_params": {
    "topmodel_m": 27.758546829223633,
    "topmodel_T_0": 0.021454401314258575,
    "topmodel_sigmoid_temp": 8.947433471679688,
    "topmodel_S_bar_init_fixed": 70.0,
    "tc_scale": 1.9079015254974365,
    "sigma": 5.373651504516602
  },
  "epochs_trained": 60
}