{
  "n_windows": 2568,
  "tau_h": 89.02527379266128,
  "naive": {
    "1h": 0.9964079203168013,
    "3h": 0.9730203512945259,
    "6h": 0.9102339692589061,
    "12h": 0.7418946356263234,
    "24h": 0.39892339575928404
  },
  "damped": {
    "1h": 0.9959973629904332,
    "3h": 0.970134208085423,
    "6h": 0.9015741619180612,
    "12h": 0.7200566328858908,
    "24h": 0.3466305827728753
  }
}