{
  "model_name": "LSTM_DUH_Base_SCS_AR_GC_teto",
  "model_type": "lstm_duh_base_scs",
  "use_ar": true,
  "use_gc": true,
  "gc_mode": "teto",
  "seed": 43,
  "test_metrics": {
    "nse": 0.7363289594650269,
    "kge": 0.8065990136810398,
    "rmse": 27.71824073791504,
    "pbias": 4.066975116729736,
    "r": 0.8604968950407269
  },
  "test_by_horizon": {
    "1h": {
      "nse": 0.7145353555679321,
      "kge": 0.7869305811917957,
      "rmse": 28.894746780395508,
      "pbias": 3.59093976020813,
      "r": 0.8471747047997618
    },
    "3h": {
      "nse": 0.7244287729263306,
      "kge": 0.7970050859947778,
      "rmse": 28.35805320739746,
      "pbias": 4.593317985534668,
      "r": 0.8541971183226943
    },
    "6h": {
      "nse": 0.7363289594650269,
      "kge": 0.8065990136810398,
      "rmse": 27.71824073791504,
      "pbias": 4.066975116729736,
      "r": 0.8604968950407269
    },
    "12h": {
      "nse": 0.7359050512313843,
      "kge": 0.8106788705767829,
      "rmse": 27.675973892211914,
      "pbias": 5.434823513031006,
      "r": 0.8622399437075274
    },
    "24h": {
      "nse": 0.6771154403686523,
      "kge": 0.780291164296462,
      "rmse": 30.289085388183594,
      "pbias": 4.5038743019104,
      "r": 0.8271559295677344
    }
  },
  "best_val_nse": 0.727515697479248,
  "learned_params": {
    "lambda_scs": 0.06229941546916962,
    "tc_scale": 1.4027676582336426,
    "sigma": 5.016300678253174
  },
  "epochs_trained": 78
}