{
  "model_name": "LSTM_DUH_Base_SCS_AR",
  "model_type": "lstm_duh_base_scs",
  "use_ar": true,
  "seed": 46,
  "test_metrics": {
    "nse": 0.7124720811843872,
    "kge": 0.7740983938322844,
    "rmse": 28.945058822631836,
    "pbias": 0.029205774888396263,
    "r": 0.844115068026017
  },
  "test_by_horizon": {
    "1h": {
      "nse": 0.7344353199005127,
      "kge": 0.7816429901945702,
      "rmse": 27.86941909790039,
      "pbias": 2.052075147628784,
      "r": 0.8578727261402219
    },
    "3h": {
      "nse": 0.7236788272857666,
      "kge": 0.7755226852904097,
      "rmse": 28.39661407470703,
      "pbias": -0.5362914204597473,
      "r": 0.8509391992955887
    },
    "6h": {
      "nse": 0.7124720811843872,
      "kge": 0.7740983938322844,
      "rmse": 28.945058822631836,
      "pbias": 0.029205774888396263,
      "r": 0.844115068026017
    },
    "12h": {
      "nse": 0.6529024839401245,
      "kge": 0.7617930178502788,
      "rmse": 31.728431701660156,
      "pbias": 5.4382805824279785,
      "r": 0.8138539322352453
    },
    "24h": {
      "nse": 0.5138845443725586,
      "kge": 0.6994971433858328,
      "rmse": 37.16483688354492,
      "pbias": 4.410200595855713,
      "r": 0.7330153941905367
    }
  },
  "best_val_nse": 0.7457432746887207,
  "learned_params": {
    "lambda_scs": 0.14585374295711517,
    "tc_scale": 1.2464431524276733,
    "sigma": 5.36423397064209
  },
  "epochs_trained": 37
}