{
  "model_name": "LSTM_DUH_Base_SCS_PeOnly",
  "model_type": "lstm_duh_base_scs_peonly",
  "use_ar": false,
  "seed": 46,
  "test_metrics": {
    "nse": 0.5728023052215576,
    "kge": 0.6654854620503671,
    "rmse": 35.28165054321289,
    "pbias": 5.015652179718018,
    "r": 0.7609041057470768
  },
  "test_by_horizon": {
    "1h": {
      "nse": 0.5390713214874268,
      "kge": 0.662521637416281,
      "rmse": 36.71635818481445,
      "pbias": 7.978025436401367,
      "r": 0.7459964042562519
    },
    "3h": {
      "nse": 0.5564690232276917,
      "kge": 0.681409232866674,
      "rmse": 35.97671127319336,
      "pbias": 7.806362628936768,
      "r": 0.7574648320230363
    },
    "6h": {
      "nse": 0.5728023052215576,
      "kge": 0.6654854620503671,
      "rmse": 35.28165054321289,
      "pbias": 5.015652179718018,
      "r": 0.7609041057470768
    },
    "12h": {
      "nse": 0.5880997180938721,
      "kge": 0.6659948860673004,
      "rmse": 34.563594818115234,
      "pbias": 1.870690941810608,
      "r": 0.7674568469879901
    },
    "24h": {
      "nse": 0.5000449419021606,
      "kge": 0.6117174946413659,
      "rmse": 37.690162658691406,
      "pbias": 2.60274338722229,
      "r": 0.7091882213820607
    }
  },
  "best_val_nse": 0.5070122480392456,
  "learned_params": {
    "lambda_scs": 0.10564868897199631,
    "tc_scale": 1.3395980596542358,
    "sigma": 5.853024959564209
  },
  "epochs_trained": 31
}