{
  "model_name": "LSTM_DUH_Base_SCS",
  "model_type": "lstm_duh_base_scs",
  "use_ar": false,
  "seed": 45,
  "test_metrics": {
    "nse": 0.6175760626792908,
    "kge": 0.7035188123569489,
    "rmse": 33.381587982177734,
    "pbias": 6.563038349151611,
    "r": 0.7924596635912838
  },
  "test_by_horizon": {
    "1h": {
      "nse": 0.5827090740203857,
      "kge": 0.6880363443867974,
      "rmse": 34.935115814208984,
      "pbias": 8.793657302856445,
      "r": 0.7758369459043098
    },
    "3h": {
      "nse": 0.5824637413024902,
      "kge": 0.683364562125185,
      "rmse": 34.906524658203125,
      "pbias": 7.389383792877197,
      "r": 0.772034267754158
    },
    "6h": {
      "nse": 0.6175760626792908,
      "kge": 0.7035188123569489,
      "rmse": 33.381587982177734,
      "pbias": 6.563038349151611,
      "r": 0.7924596635912838
    },
    "12h": {
      "nse": 0.6069942712783813,
      "kge": 0.726887798935647,
      "rmse": 33.761539459228516,
      "pbias": 8.243577003479004,
      "r": 0.7913666385163083
    },
    "24h": {
      "nse": 0.5088925361633301,
      "kge": 0.6708170698614102,
      "rmse": 37.35517501831055,
      "pbias": 11.166342735290527,
      "r": 0.7404071122119763
    }
  },
  "best_val_nse": 0.5555117130279541,
  "learned_params": {
    "lambda_scs": 0.14858345687389374,
    "tc_scale": 1.2674299478530884,
    "sigma": 5.095201015472412
  },
  "epochs_trained": 33
}