{
  "model_name": "LSTM_DUH_Base_Topmodel_PeOnly",
  "model_type": "lstm_duh_base_topmodel_peonly",
  "use_ar": false,
  "seed": 43,
  "test_metrics": {
    "nse": 0.56298828125,
    "kge": 0.611547309116603,
    "rmse": 35.68461227416992,
    "pbias": 15.02275562286377,
    "r": 0.7897661741693104
  },
  "test_by_horizon": {
    "1h": {
      "nse": 0.543607771396637,
      "kge": 0.5370608024189352,
      "rmse": 36.53523254394531,
      "pbias": 6.52942419052124,
      "r": 0.7589064999606605
    },
    "3h": {
      "nse": 0.531867504119873,
      "kge": 0.5435241333349957,
      "rmse": 36.96101379394531,
      "pbias": 9.962357521057129,
      "r": 0.7567050996568055
    },
    "6h": {
      "nse": 0.56298828125,
      "kge": 0.611547309116603,
      "rmse": 35.68461227416992,
      "pbias": 15.02275562286377,
      "r": 0.7897661741693104
    },
    "12h": {
      "nse": 0.5966428518295288,
      "kge": 0.6029683398421333,
      "rmse": 34.203277587890625,
      "pbias": 6.587010860443115,
      "r": 0.7879536672033313
    },
    "24h": {
      "nse": 0.4694526195526123,
      "kge": 0.5875315225248474,
      "rmse": 38.826175689697266,
      "pbias": 14.403016090393066,
      "r": 0.7219697263582779
    }
  },
  "best_val_nse": 0.44768333435058594,
  "learned_params": {
    "topmodel_m": 25.66817283630371,
    "topmodel_T_0": 0.013622337020933628,
    "topmodel_sigmoid_temp": 5.155398845672607,
    "topmodel_S_bar_init_fixed": 70.0,
    "tc_scale": 1.4855235815048218,
    "sigma": 4.910327911376953
  },
  "epochs_trained": 26
}