{
  "model_name": "LSTM_DUH_Base_Topmodel_GC_teto",
  "model_type": "lstm_duh_base_topmodel",
  "use_ar": false,
  "use_gc": true,
  "gc_mode": "teto",
  "seed": 42,
  "test_metrics": {
    "nse": 0.6069135069847107,
    "kge": 0.5850658804306577,
    "rmse": 33.84375,
    "pbias": 1.362593173980713,
    "r": 0.7945608455855787
  },
  "test_by_horizon": {
    "1h": {
      "nse": 0.5382623672485352,
      "kge": 0.5351731556941421,
      "rmse": 36.74856185913086,
      "pbias": 0.9261054396629333,
      "r": 0.7462164239639518
    },
    "3h": {
      "nse": 0.5585801601409912,
      "kge": 0.543897111074586,
      "rmse": 35.8909912109375,
      "pbias": 2.3941776752471924,
      "r": 0.7638499629006907
    },
    "6h": {
      "nse": 0.6069135069847107,
      "kge": 0.5850658804306577,
      "rmse": 33.84375,
      "pbias": 1.362593173980713,
      "r": 0.7945608455855787
    },
    "12h": {
      "nse": 0.6246451139450073,
      "kge": 0.5880218306805349,
      "rmse": 32.99467849731445,
      "pbias": 3.7042603492736816,
      "r": 0.8118640613799514
    },
    "24h": {
      "nse": 0.5458723306655884,
      "kge": 0.5622668291315843,
      "rmse": 35.9212532043457,
      "pbias": 3.3839426040649414,
      "r": 0.748091072666967
    }
  },
  "best_val_nse": 0.6289608478546143,
  "learned_params": {
    "topmodel_m": 26.16727066040039,
    "topmodel_T_0": 0.013691532425582409,
    "topmodel_sigmoid_temp": 6.886285781860352,
    "topmodel_S_bar_init_fixed": 70.0,
    "tc_scale": 2.0856902599334717,
    "sigma": 5.3928985595703125
  },
  "epochs_trained": 28
}