{
  "model_name": "LSTM_DUH_Base_Topmodel_AR_GC_teto",
  "model_type": "lstm_duh_base_topmodel",
  "use_ar": true,
  "use_gc": true,
  "gc_mode": "teto",
  "seed": 45,
  "test_metrics": {
    "nse": 0.8488629460334778,
    "kge": 0.8037045074346036,
    "rmse": 20.985530853271484,
    "pbias": -3.1932692527770996,
    "r": 0.9291304955123183
  },
  "test_by_horizon": {
    "1h": {
      "nse": 0.8457821011543274,
      "kge": 0.8003623864825188,
      "rmse": 21.237829208374023,
      "pbias": -3.598557233810425,
      "r": 0.9279720072765285
    },
    "3h": {
      "nse": 0.8476951122283936,
      "kge": 0.8021468188025249,
      "rmse": 21.082223892211914,
      "pbias": -3.201192617416382,
      "r": 0.9286211225218365
    },
    "6h": {
      "nse": 0.8488629460334778,
      "kge": 0.8037045074346036,
      "rmse": 20.985530853271484,
      "pbias": -3.1932692527770996,
      "r": 0.9291304955123183
    },
    "12h": {
      "nse": 0.8237314820289612,
      "kge": 0.7993479959614369,
      "rmse": 22.610502243041992,
      "pbias": -1.7023450136184692,
      "r": 0.9126873200504677
    },
    "24h": {
      "nse": 0.7030186057090759,
      "kge": 0.737437217588893,
      "rmse": 29.048728942871094,
      "pbias": -1.352768063545227,
      "r": 0.8401018007570137
    }
  },
  "best_val_nse": 0.8134962320327759,
  "learned_params": {
    "topmodel_m": 38.43313217163086,
    "topmodel_T_0": 0.08219635486602783,
    "topmodel_sigmoid_temp": 3.385969638824463,
    "topmodel_S_bar_init_fixed": 70.0,
    "tc_scale": 1.9888073205947876,
    "sigma": 6.171239376068115
  },
  "epochs_trained": 86
}